-- MySQL dump 10.13  Distrib 5.7.19, for Linux (x86_64)
--
-- Host: localhost    Database: toolrocks
-- ------------------------------------------------------
-- Server version	5.7.19-0ubuntu0.16.04.1

/*!40101 SET @OLD_CHARACTER_SET_CLIENT=@@CHARACTER_SET_CLIENT */;
/*!40101 SET @OLD_CHARACTER_SET_RESULTS=@@CHARACTER_SET_RESULTS */;
/*!40101 SET @OLD_COLLATION_CONNECTION=@@COLLATION_CONNECTION */;
/*!40101 SET NAMES utf8 */;
/*!40103 SET @OLD_TIME_ZONE=@@TIME_ZONE */;
/*!40103 SET TIME_ZONE='+00:00' */;
/*!40014 SET @OLD_UNIQUE_CHECKS=@@UNIQUE_CHECKS, UNIQUE_CHECKS=0 */;
/*!40014 SET @OLD_FOREIGN_KEY_CHECKS=@@FOREIGN_KEY_CHECKS, FOREIGN_KEY_CHECKS=0 */;
/*!40101 SET @OLD_SQL_MODE=@@SQL_MODE, SQL_MODE='NO_AUTO_VALUE_ON_ZERO' */;
/*!40111 SET @OLD_SQL_NOTES=@@SQL_NOTES, SQL_NOTES=0 */;

--
-- Table structure for table `albums`
--

DROP TABLE IF EXISTS `albums`;
/*!40101 SET @saved_cs_client     = @@character_set_client */;
/*!40101 SET character_set_client = utf8 */;
CREATE TABLE `albums` (
  `id` int(10) unsigned NOT NULL AUTO_INCREMENT,
  `name` varchar(255) COLLATE utf8mb4_unicode_ci NOT NULL,
  `slug` varchar(255) COLLATE utf8mb4_unicode_ci NOT NULL,
  `band_id` int(10) unsigned NOT NULL,
  `release_date` datetime NOT NULL,
  `image_url` varchar(255) COLLATE utf8mb4_unicode_ci DEFAULT NULL,
  `created_at` timestamp NULL DEFAULT NULL,
  `updated_at` timestamp NULL DEFAULT NULL,
  `deleted_at` timestamp NULL DEFAULT NULL,
  PRIMARY KEY (`id`),
  UNIQUE KEY `albums_band_id_slug_unique` (`band_id`,`slug`),
  CONSTRAINT `albums_band_id_foreign` FOREIGN KEY (`band_id`) REFERENCES `bands` (`id`)
) ENGINE=InnoDB AUTO_INCREMENT=8 DEFAULT CHARSET=utf8mb4 COLLATE=utf8mb4_unicode_ci;
/*!40101 SET character_set_client = @saved_cs_client */;

--
-- Dumping data for table `albums`
--

LOCK TABLES `albums` WRITE;
/*!40000 ALTER TABLE `albums` DISABLE KEYS */;
INSERT INTO `albums` VALUES (1,'72826','72826',1,'1991-12-21 00:00:00',NULL,'2017-07-24 10:47:13','2017-07-24 10:47:13',NULL),(2,'Opiate','opiate',1,'1992-03-10 00:00:00',NULL,'2017-07-24 10:47:13','2017-07-24 10:47:13',NULL),(3,'Undertow','undertow',1,'1993-04-06 00:00:00',NULL,'2017-07-24 10:47:13','2017-07-24 10:47:13',NULL),(4,'Aenima','aenima',1,'1996-09-17 00:00:00',NULL,'2017-07-24 10:47:13','2017-07-24 10:47:13',NULL),(5,'Salival','salival',1,'2000-12-12 00:00:00',NULL,'2017-07-24 10:47:13','2017-07-24 10:47:13',NULL),(6,'Lateralus','lateralus',1,'2001-05-15 00:00:00',NULL,'2017-07-24 10:47:13','2017-07-24 10:47:13',NULL),(7,'10,000 Days','10000-days',1,'2006-05-02 00:00:00',NULL,'2017-07-24 10:47:13','2017-07-24 10:47:13',NULL);
/*!40000 ALTER TABLE `albums` ENABLE KEYS */;
UNLOCK TABLES;

--
-- Table structure for table `bands`
--

DROP TABLE IF EXISTS `bands`;
/*!40101 SET @saved_cs_client     = @@character_set_client */;
/*!40101 SET character_set_client = utf8 */;
CREATE TABLE `bands` (
  `id` int(10) unsigned NOT NULL AUTO_INCREMENT,
  `name` varchar(255) COLLATE utf8mb4_unicode_ci NOT NULL,
  `slug` varchar(255) COLLATE utf8mb4_unicode_ci NOT NULL,
  `image_url` varchar(255) COLLATE utf8mb4_unicode_ci DEFAULT NULL,
  `created_at` timestamp NULL DEFAULT NULL,
  `updated_at` timestamp NULL DEFAULT NULL,
  `deleted_at` timestamp NULL DEFAULT NULL,
  PRIMARY KEY (`id`),
  UNIQUE KEY `bands_slug_unique` (`slug`)
) ENGINE=InnoDB AUTO_INCREMENT=9 DEFAULT CHARSET=utf8mb4 COLLATE=utf8mb4_unicode_ci;
/*!40101 SET character_set_client = @saved_cs_client */;

--
-- Dumping data for table `bands`
--

LOCK TABLES `bands` WRITE;
/*!40000 ALTER TABLE `bands` DISABLE KEYS */;
INSERT INTO `bands` VALUES (1,'Tool','tool',NULL,'2017-07-24 10:47:13','2017-07-24 10:47:13',NULL),(2,'A Perfect Circle','a-perfect-circle',NULL,'2017-08-05 12:18:45','2017-08-05 12:18:45',NULL),(3,'Puscifer','puscifer',NULL,'2017-08-05 12:19:42','2017-08-05 12:19:42',NULL),(4,'Deftones','deftones',NULL,'2017-08-05 12:20:12','2017-08-05 12:20:12',NULL),(5,'3TEETH','3teeth',NULL,'2017-08-05 12:21:05','2017-08-05 12:21:05',NULL),(6,'Poop','poopy',NULL,'2017-08-05 12:39:33','2017-08-05 12:46:21',NULL),(7,'Primus','primus',NULL,'2017-11-22 13:02:20','2017-11-22 13:02:20',NULL),(8,'Band to delete','band-to-delete',NULL,'2017-11-24 22:39:58','2017-11-24 22:39:58',NULL);
/*!40000 ALTER TABLE `bands` ENABLE KEYS */;
UNLOCK TABLES;

--
-- Table structure for table `ipsums`
--

DROP TABLE IF EXISTS `ipsums`;
/*!40101 SET @saved_cs_client     = @@character_set_client */;
/*!40101 SET character_set_client = utf8 */;
CREATE TABLE `ipsums` (
  `id` int(10) unsigned NOT NULL AUTO_INCREMENT,
  `band_id` int(10) unsigned NOT NULL,
  `content` varchar(255) COLLATE utf8mb4_unicode_ci NOT NULL,
  `created_at` timestamp NULL DEFAULT NULL,
  `updated_at` timestamp NULL DEFAULT NULL,
  `deleted_at` timestamp NULL DEFAULT NULL,
  PRIMARY KEY (`id`),
  KEY `ipsums_band_id_foreign` (`band_id`),
  CONSTRAINT `ipsums_band_id_foreign` FOREIGN KEY (`band_id`) REFERENCES `bands` (`id`)
) ENGINE=InnoDB AUTO_INCREMENT=181 DEFAULT CHARSET=utf8mb4 COLLATE=utf8mb4_unicode_ci;
/*!40101 SET character_set_client = @saved_cs_client */;

--
-- Dumping data for table `ipsums`
--

LOCK TABLES `ipsums` WRITE;
/*!40000 ALTER TABLE `ipsums` DISABLE KEYS */;
INSERT INTO `ipsums` VALUES (1,1,'Cold silence has a tendency to atrophy and sense of compassion between supposed lovers, between supposed brothers.','2017-08-07 16:01:51','2017-08-07 16:01:51',NULL),(2,1,'I know the pieces fit \'cause I watched them fall away.','2017-08-07 16:02:28','2017-08-07 16:02:28',NULL),(3,1,'To bring the pieces back together, rediscover communication.','2017-08-07 16:03:31','2017-08-07 16:03:31',NULL),(4,1,'No fault, none to blame, it doesn\'t mean I don\'t desire to Point the finger, blame the other, watch the temple topple over.','2017-08-07 16:03:47','2017-08-07 16:03:47',NULL),(5,1,'Boredom\'s not a burden anyone should bear.','2017-08-07 16:04:13','2017-08-07 16:04:13',NULL),(6,1,'It\'s not enough. I need more. Nothing seems to satisfy. I said I don\'t want it. I just need it. To breathe, To feel, to know I\'m alive.','2017-08-07 16:04:50','2017-08-07 16:04:50',NULL),(7,1,'How can it mean anything to me if I really don\'t feel anything at all?','2017-08-07 16:08:08','2017-08-07 16:08:08',NULL),(8,1,'Something kinda sad about the way that things have come to be. Desensitized to everything. What became of subtlety?','2017-08-07 16:08:38','2017-08-07 16:08:38',NULL),(9,1,'This may hurt a little but it\'s something you\'ll get used to.','2017-08-07 16:09:06','2017-08-07 16:09:06',NULL),(10,1,'But you\'re pushing and shoving me.','2017-08-07 16:09:47','2017-08-07 16:09:47',NULL),(11,1,'I\'m slipping back into the gap again.','2017-08-07 16:10:50','2017-08-07 16:10:50',NULL),(12,1,'Just remember I will always love you, as I claw your fucking throat away.','2017-08-07 16:11:15','2017-08-07 16:11:15',NULL),(13,1,'Do unto others what has been done to you','2017-08-07 16:11:59','2017-08-07 16:11:59',NULL),(14,1,'And only this one holy medium brings me peace of mind.','2017-08-07 16:12:22','2017-08-07 16:12:22',NULL),(15,1,'I have found some kind of temporary sanity in this shit, blood, and cum on my hands.','2017-08-07 16:12:55','2017-08-07 16:12:55',NULL),(16,1,'Get off your fuckin cross. We need the fuckin space to nail the next fool martyr.','2017-08-07 17:39:08','2017-08-07 17:39:08',NULL),(17,1,'To ascend you must die. You must be crucified.','2017-08-07 17:39:36','2017-08-07 17:39:36',NULL),(18,1,'And I feel this coming over like a storm again.','2017-08-07 17:40:01','2017-08-07 17:40:01',NULL),(19,1,'Change is coming through my shadow.','2017-08-07 17:40:46','2017-08-07 17:40:46',NULL),(20,1,'My shadow\'s shedding skin. I\'ve been picking my scabs again.','2017-08-07 17:41:30','2017-08-07 17:41:30',NULL),(21,1,'I wanna feel the change consume me. Feel the outside turning in. I wanna feel the metamorphosis and cleansing I\'ve endured within.','2017-08-07 17:42:11','2017-08-07 17:42:11',NULL),(22,1,'Well now I\'ve got some advice for you, little buddy.','2017-08-07 17:43:00','2017-08-07 17:43:00',NULL),(23,1,'All you know about me is what I\'ve sold you, dumb fuck. I sold out long before you ever heard my name.','2017-08-07 17:45:43','2017-08-07 17:45:43',NULL),(24,1,'I sold my soul to make a record, dip shit. And you bought one.','2017-08-07 17:50:37','2017-08-07 17:50:37',NULL),(25,1,'What was it like to see the face of your own stability suddenly look away leaving you with the dead and hopeless?','2017-08-07 17:51:37','2017-08-07 17:51:37',NULL),(26,1,'What is this but my reflection? Who am I to judge and strike you down?','2017-08-07 17:52:33','2017-08-07 17:52:33',NULL),(27,1,'Some say the end is near. Some say we\'ll see armageddon soon.','2017-08-07 17:52:57','2017-08-07 17:52:57',NULL),(28,1,'Here in this hopeless fucking hole we call LA. The only way to fix it is to flush it all away.','2017-08-07 17:53:58','2017-08-07 17:53:58',NULL),(29,1,'Learn to swim, I\'ll see you down in Arizona bay.','2017-08-07 17:54:13','2017-08-07 17:54:13',NULL),(30,1,'It\'s a bullshit three ring circus sideshow of freaks.','2017-08-07 17:55:23','2017-08-07 17:55:23',NULL),(31,1,'Mom\'s gonna fix it all soon. Mom\'s comin\' round to put it back the way it ought to be.','2017-08-07 17:55:43','2017-08-07 17:55:43',NULL),(32,1,'Don\'t just call me pessimist. Try and read between the lines.','2017-08-07 17:56:06','2017-08-07 17:56:06',NULL),(33,1,'Dreaming of that face again. It\'s bright and blue and shimmering. Grinning wide and comforting me with it\'s three warm and wild eyes.','2017-08-07 17:56:38','2017-08-07 17:56:38',NULL),(34,1,'Prying open my third eye.','2017-08-07 17:57:10','2017-08-07 17:57:10',NULL),(35,1,'So good to see you once again. I thought that you were hiding from me. And you thought that I had run away. Chasing a trail of smoke and reason.','2017-08-07 17:57:32','2017-08-07 17:57:32',NULL),(36,1,'I don\'t want to be hostile. I don\'t want to be dismal.','2017-08-07 17:58:03','2017-08-07 17:58:03',NULL),(37,1,'I am not innocent. You are not innocent. No one is innocent.','2017-08-07 17:58:33','2017-08-07 17:58:33',NULL),(38,1,'Thought I could make it end. Thought I could wash the stains away. Thought I could break the circle if I slipped right into your skin.','2017-08-07 17:59:10','2017-08-07 17:59:10',NULL),(39,1,'I\'ve come round full circle. My lamb and martyr, this will be over soon. You look so precious.','2017-08-07 17:59:36','2017-08-07 17:59:36',NULL),(40,1,'So sweet was your surrender. We have become one. I have become my terror. And you my precious lamb and martyr.','2017-08-07 18:00:16','2017-08-07 18:00:16',NULL),(41,1,'Jesus, won\'t you fucking whistle something but the past and done?','2017-08-07 18:00:44','2017-08-07 18:00:44',NULL),(42,1,'Why can\'t we not be sober? I just want to start this over.','2017-08-07 18:01:05','2017-08-07 18:01:05',NULL),(43,1,'I will find a center in you. I will chew it up and leave, I will work to elevate you just enough to bring you down.','2017-08-07 18:01:22','2017-08-07 18:01:22',NULL),(44,1,'My compassion is broken now. My will is eroded, and my desire stolen and it makes me feel ugly.','2017-08-07 18:01:46','2017-08-07 18:01:46',NULL),(45,1,'My piss and moans are the fuel that set my head on fire.','2017-08-07 18:02:00','2017-08-07 18:02:00',NULL),(46,1,'Shit adds up at the bottom.','2017-08-07 18:02:12','2017-08-07 18:02:12',NULL),(47,1,'I\'m shameless, nameless, nothing, and no one now.','2017-08-07 18:02:46','2017-08-07 18:02:46',NULL),(48,1,'You crawled away from me. Slipped away from me.','2017-08-07 18:03:05','2017-08-07 18:03:05',NULL),(49,1,'Because I can see your back is turning. If I could I\'d stick the knife in.','2017-08-07 18:03:24','2017-08-07 18:03:24',NULL),(50,1,'My warning meant nothing. You\'re dancing in quicksand.','2017-08-07 18:03:37','2017-08-07 18:03:37',NULL),(51,1,'This bog is thick and easy to get lost in when you\'re a stupid, dumb ass, belligerent fucker.','2017-08-07 18:05:40','2017-08-07 18:05:40',NULL),(52,1,'I hope it sucks you down.','2017-08-07 18:06:05','2017-08-07 18:06:05',NULL),(53,1,'I\'ve been struck dumb by a voice that speaks from deep beneath the cold black water.','2017-08-07 18:06:24','2017-08-07 18:06:24',NULL),(54,1,'The current\'s mouth below me opens up around me. Suggests and beckons all while swallowing. It surrounds and drowns and sweeps me away.','2017-08-07 18:06:57','2017-08-07 18:06:57',NULL),(55,1,'But I\'m so comfortable...Too comfortable.','2017-08-07 18:07:26','2017-08-07 18:07:26',NULL),(56,1,'And it\'s half as high as heaven and half as clear as reason.','2017-08-07 18:07:54','2017-08-07 18:07:54',NULL),(57,1,'I\'m back down. I\'m in the undertow. I\'m helpless and awake in the undertow.','2017-08-07 18:08:13','2017-08-07 18:08:13',NULL),(58,1,'Get up and free yourself from yourself.','2017-08-07 18:08:28','2017-08-07 18:08:28',NULL),(59,1,'Locked up inside you, like the calm beneath castles, is a cavern of treasures that no one has been to.','2017-08-07 18:08:52','2017-08-07 18:08:52',NULL),(60,1,'Lay back and let me show you another way.','2017-08-07 18:09:16','2017-08-07 18:09:16',NULL),(61,1,'Give in now and let me in. You\'ll like this in. Don\'t pull it out.','2017-08-07 18:09:40','2017-08-07 18:09:40',NULL),(62,1,'All I knew and all I believed are crumbling images that no longer comfort me.','2017-08-07 18:10:00','2017-08-07 18:10:00',NULL),(63,1,'I scramble to reach higher ground, some order and sanity, or something to comfort me.','2017-08-07 18:10:24','2017-08-07 18:10:24',NULL),(64,1,'The water is rising up on me. Thought the sun would come deliver me, but the truth has come to punish me instead.','2017-08-07 18:11:01','2017-08-07 18:11:01',NULL),(65,1,'Seems like I\'ve been here before. Seems so familiar. Seems like I\'m slipping into a dream within a dream.','2017-08-07 18:11:31','2017-08-07 18:11:31',NULL),(66,1,'I can\'t say what I want to, even if I\'m not serious.','2017-08-07 18:12:14','2017-08-07 18:12:14',NULL),(67,1,'Things like.... \"Fuck yourself, kill yourself, you piece of shit.\"','2017-08-07 18:12:26','2017-08-07 18:12:26',NULL),(68,1,'People tell me what to say, what to think, and what to play.','2017-08-07 18:12:44','2017-08-07 18:12:44',NULL),(69,1,'Just kidding.','2017-08-07 18:12:58','2017-08-07 18:12:58',NULL),(70,1,'I know you better than I know myself.','2017-08-07 18:13:16','2017-08-07 18:13:16',NULL),(71,1,'You are a part of me.','2017-08-07 18:13:30','2017-08-07 18:13:30',NULL),(72,1,'Trembling at the thought of feeling.','2017-08-07 18:13:52','2017-08-07 18:13:52',NULL),(73,1,'Underneath her skin and jewelry, hidden in her words and eyes is a wall that\'s cold and ugly and she\'s scared as hell.','2017-08-07 18:14:10','2017-08-07 18:14:10',NULL),(74,1,'Someone told me once that there\'s a right and wrong, and that punishment would come to those who dare to cross the line.','2017-08-07 18:15:08','2017-08-07 18:15:08',NULL),(75,1,'Maybe it takes longer to catch a total asshole. but I\'m tired of waiting. Maybe it\'s just bullshit and I should play GOD, and shoot you myself.','2017-08-07 18:15:31','2017-08-07 18:15:31',NULL),(76,1,'Consequences dictate our course of action and it doesn\'t matter what\'s right. It\'s only wrong if you get caught.','2017-08-07 18:16:22','2017-08-07 18:16:22',NULL),(77,1,'Choices always were a problem for you. What you need is someone strong to guide you.','2017-08-07 18:16:49','2017-08-07 18:16:49',NULL),(78,1,'Deaf and blind and dumb and born to follow, what you need is someone strong to use you... like me.','2017-08-07 18:17:12','2017-08-07 18:17:12',NULL),(79,1,'If you want to get your soul to heaven, trust in me. Don\'t judge or question.','2017-08-07 18:18:17','2017-08-07 18:18:17',NULL),(80,1,'We both want to rape you.','2017-08-07 18:18:33','2017-08-07 18:18:33',NULL),(81,1,'Jesus Christ, why don\'t you come save my life?','2017-08-07 18:18:48','2017-08-07 18:18:48',NULL),(82,1,'Slide a mile six inches at a time on Maynard\'s dick.','2017-08-07 18:19:33','2017-08-07 18:19:33',NULL),(83,1,'There\'s a shyness found in reason.','2017-08-07 18:20:00','2017-08-07 18:20:00',NULL),(84,1,'Lock the door, kill the light. No one\'s coming home tonight.','2017-08-07 18:20:22','2017-08-07 18:20:22',NULL),(85,1,'Locked in a place where no one goes.','2017-08-07 18:20:38','2017-08-07 18:20:38',NULL),(86,1,'It\'s getting colder.','2017-08-07 18:20:54','2017-08-07 18:20:54',NULL),(87,1,'Wear the grudge like a crown of negativity. Calculate what we will or will not tolerate. Desperate to control all and everything. Unable to forgive your scarlet lettermen.','2017-08-07 18:21:29','2017-08-07 18:21:29',NULL),(88,1,'Clutch it like a cornerstone. Otherwise it all comes down.','2017-08-07 18:21:47','2017-08-07 18:21:47',NULL),(89,1,'Terrified of being wrong. Ultimatum prison cell.','2017-08-07 18:22:01','2017-08-07 18:22:01',NULL),(90,1,'Defining, confining, controlling, and we\'re sinking deeper.','2017-08-07 18:22:21','2017-08-07 18:22:21',NULL),(91,1,'Saturn ascends, the one, the ten. Ignorant to the damage done.','2017-08-07 18:22:45','2017-08-07 18:22:45',NULL),(92,1,'Give away the stone. Let the oceans take and transmutate this cold and fated anchor.','2017-08-07 18:23:10','2017-08-07 18:23:10',NULL),(93,1,'A groan of tedium escapes me, startling the fearful.','2017-08-07 18:23:29','2017-08-07 18:23:29',NULL),(94,1,'Is this a test? It has to be. Otherwise I can\'t go on.','2017-08-07 18:23:47','2017-08-07 18:23:47',NULL),(95,1,'But I\'m still right here giving blood, keeping faith and I\'m still right here.','2017-08-07 18:24:52','2017-08-07 18:24:52',NULL),(96,1,'If there were no rewards to reap, noo loving embrace to see me through this tedious path I\'ve chosen here, I certainly would\'ve walked away by now. Gonna wait it out.','2017-08-07 18:25:27','2017-08-07 18:25:27',NULL),(97,1,'Be patient. I must keep reminding myself of this.','2017-08-07 18:26:01','2017-08-07 18:26:01',NULL),(98,1,'Gonna wait it out.','2017-08-07 18:26:13','2017-08-07 18:26:13',NULL),(99,1,'So familiar and overwhelmingly warm this one, this form I hold now.','2017-08-07 18:26:49','2017-08-07 18:26:49',NULL),(100,1,'We barely remember what came before this precious moment.','2017-08-07 18:27:50','2017-08-07 18:27:50',NULL),(101,1,'This body makes me feel eternal.','2017-08-07 18:28:09','2017-08-07 18:28:09',NULL),(102,1,'All this pain is an illusion.','2017-08-07 18:28:18','2017-08-07 18:28:18',NULL),(103,1,'In this holy reality, in this holy experience. Choosing to be here in this body.','2017-08-07 18:28:53','2017-08-07 18:28:53',NULL),(104,1,'Twirling round with this familiar parable. Spinning, weaving round each new experience.','2017-08-07 18:29:21','2017-08-07 18:29:21',NULL),(105,1,'Recognize this as a holy gift and celebrate this chance to be alive and breathing.','2017-08-07 18:29:32','2017-08-07 18:29:32',NULL),(106,1,'This body holding me reminds me of my own mortality.','2017-08-07 18:29:49','2017-08-07 18:29:49',NULL),(107,1,'Embrace this moment. Remember. We are eternal.','2017-08-07 18:29:59','2017-08-07 18:29:59',NULL),(108,1,'Suck and suck.','2017-08-07 18:30:17','2017-08-07 18:30:17',NULL),(109,1,'Suckin up all you can, suckin up all you can suck. Workin up under my patience like a little tick. Fat little parasite.','2017-08-07 18:30:40','2017-08-07 18:30:40',NULL),(110,1,'My blood is bruised and borrowed. You thieving bastards. You have turned my blood cold and bitter, beat my compassion black and blue.','2017-08-07 18:30:56','2017-08-07 18:30:56',NULL),(111,1,'I hope you\'re choking. I hope you choke on this.','2017-08-07 18:31:18','2017-08-07 18:31:18',NULL),(112,1,'Suck me dry.','2017-08-07 18:31:41','2017-08-07 18:31:41',NULL),(113,1,'Taken all you can, taken all you can fuckin\' take. Got nothing left to give to you.','2017-08-07 18:32:08','2017-08-07 18:32:08',NULL),(114,1,'Black then white are all I see in my infancy. Red and yellow then came to be, reaching out to me. Lets me see.','2017-08-07 18:32:33','2017-08-07 18:32:33',NULL),(115,1,'Push the envelope. Watch it bend.','2017-08-07 18:33:03','2017-08-07 18:33:03',NULL),(116,1,'Over thinking, over analyzing separates the body from the mind. Withering my intuition, missing opportunities and I must feed my will to feel my moment drawing way outside the lines.','2017-08-07 18:33:43','2017-08-07 18:33:43',NULL),(117,1,'Over thinking, over analyzing separates the body from the mind.','2017-08-07 18:33:51','2017-08-07 18:33:51',NULL),(118,1,'Feed my will to feel this moment urging me to cross the line.','2017-08-07 18:34:14','2017-08-07 18:34:14',NULL),(119,1,'Reaching out to embrace the random. Reaching out to embrace whatever may come.','2017-08-07 18:34:32','2017-08-07 18:34:32',NULL),(120,1,'And following our will and wind we may just go where no one\'s been. We\'ll ride the spiral to the end and may just go where no one\'s been.','2017-08-07 18:35:58','2017-08-07 18:35:58',NULL),(121,1,'Spiral out. Keep going, going...','2017-08-07 18:36:19','2017-08-07 18:36:19',NULL),(122,1,'Mention this to me. Mention something, mention anything... and watch the weather change.','2017-08-07 18:36:47','2017-08-07 18:36:47',NULL),(123,1,'So crucify the ego, before it\'s far too late.','2017-08-07 18:37:23','2017-08-07 18:37:23',NULL),(124,1,'Leave behind this place so negative and blind and cynical, and you will come to find that we are all one mind.','2017-08-07 18:37:46','2017-08-07 18:37:46',NULL),(125,1,'Without her, we are lifeless satellites drifting.','2017-08-07 18:38:17','2017-08-07 18:38:17',NULL),(126,1,'The moon tells me a secret - my confidant As full and bright as I am this light is not my own and a million light reflections pass over me.','2017-08-07 18:38:47','2017-08-07 18:38:47',NULL),(127,1,'Eye on the TV \'cause tragedy thrills me. Whatever flavor it happens to be.','2017-08-07 18:39:26','2017-08-07 18:39:26',NULL),(128,1,'Don\'t look at me like I am a monster. Frown out your one face, but with the other stare like a junkie into the TV.','2017-08-07 18:48:29','2017-08-07 18:48:29',NULL),(129,1,'Vicariously, I live while the whole world dies.','2017-08-07 18:48:50','2017-08-07 18:48:50',NULL),(130,1,'Why can\'t we just admit it?','2017-08-07 18:48:59','2017-08-07 18:48:59',NULL),(131,1,'I need to watch things die from a good safe distance.','2017-08-07 18:49:11','2017-08-07 18:49:11',NULL),(132,1,'Credulous at best your desire to believe in Angels in the hearts of men.','2017-08-07 18:49:34','2017-08-07 18:49:34',NULL),(133,1,'But pull your head on out your hippie haze and give a listen. Shouldn\'t have to say it all again.','2017-08-07 18:50:08','2017-08-07 18:50:08',NULL),(134,1,'The universe is hostile, so impersonal. Devour to survive. So it is, so it\'s always been.','2017-08-07 18:50:33','2017-08-07 18:50:33',NULL),(135,1,'We all feed on tragedy. It\'s like blood to a vampire.','2017-08-07 18:50:52','2017-08-07 18:50:52',NULL),(136,1,'Here from a kings mountain view, here from the wild dream come true. Feast like a sultan I do on treasures and flesh never few.','2017-08-07 18:51:31','2017-08-07 18:51:31',NULL),(137,1,'But I would wish it all away If I thought I\'d lose you just one day.','2017-08-07 18:52:08','2017-08-07 18:52:08',NULL),(138,1,'But I would If I could, I would wish it all away.','2017-08-07 18:52:50','2017-08-07 18:52:50',NULL),(139,1,'You, my piece of mind, my all, my center, just trying to hold on one more day.','2017-08-07 18:53:14','2017-08-07 18:53:14',NULL),(140,1,'Shine on forever. Shine on benevolent sun. Shine down upon the broken. Shine until the two become one.','2017-08-07 18:53:58','2017-08-07 18:53:58',NULL),(141,1,'You believed in movements none could see. You believed in me.','2017-08-07 18:54:16','2017-08-07 18:54:16',NULL),(142,1,'A passionate spirit. Uncompromised, boundless and open. A light in your eyes then immobilized.','2017-08-07 18:54:48','2017-08-07 18:54:48',NULL),(143,1,'So what have I done to be a son to an angel? What have I done To be worthy?','2017-08-07 18:59:06','2017-08-07 18:59:06',NULL),(144,1,'Listen to the tales as we all rationalize our way into the arms of the savior, Feigning all the trials and the tribulations; None of us have actually been there. Not like you.','2017-08-07 19:14:11','2017-08-07 19:14:11',NULL),(145,1,'Ignorant siblings in the congregation gather around spewing sympathy. Spare me.','2017-08-07 19:50:30','2017-08-07 19:50:30',NULL),(146,1,'None of them can even hold a candle up to you. Blinded by choice, these hypocrites won\'t see.','2017-08-07 19:50:42','2017-08-07 19:50:42',NULL),(147,1,'And this little light of mine, a gift you passed on to me; I\'m gonna let it shine to guide you safely on your way, Your way home.','2017-08-07 19:51:10','2017-08-07 19:51:10',NULL),(148,1,'You are the light and way that they will only read about.','2017-08-07 19:51:41','2017-08-07 19:51:41',NULL),(149,1,'Set as I am in my ways and my arrogance, burden of proof tossed upon the believers. You were my witness, my eyes, my evidence, Judith Marie, unconditional one.','2017-08-07 19:52:08','2017-08-07 19:52:08',NULL),(150,1,'Who are you to wave your finger?','2017-08-07 19:53:11','2017-08-07 19:53:11',NULL),(151,1,'Eye hole deep in muddy waters. You practically raised the dead.','2017-08-07 19:53:28','2017-08-07 19:53:28',NULL),(152,1,'You must have been high.','2017-08-07 19:53:37','2017-08-07 19:53:37',NULL),(153,1,'Soapbox house of cards and glass so don\'t go tossin\' your stones around.','2017-08-07 19:53:54','2017-08-07 19:53:54',NULL),(154,1,'Foot in mouth and head up ass. So whatcha talkin\' \'bout?','2017-08-07 19:54:18','2017-08-07 19:54:18',NULL),(155,1,'Liar, lawyer, mirror, show me. What\'s the difference?','2017-08-07 19:54:35','2017-08-07 19:54:35',NULL),(156,1,'Kangaroo done hung the guilty with the innocent.','2017-08-07 19:54:47','2017-08-07 19:54:47',NULL),(157,1,'Who are you to wave your fatty fingers at me?','2017-08-07 19:55:01','2017-08-07 19:55:01',NULL),(158,1,'Holy fucking shit!','2017-08-07 19:55:25','2017-08-07 19:55:25',NULL),(159,1,'He had me crying out, \"Fuck me It\'s gotta be the Deadhead Chemistry. The blotter got on top of me. Got me seein\' E-motherfuckin\'-T!\"','2017-08-07 19:56:04','2017-08-07 19:56:04',NULL),(160,1,'Me. The Chosen One? They chose me!!! And I didn\'t even graduate from fuckin\' high school.','2017-08-07 19:57:33','2017-08-07 19:57:33',NULL),(161,1,'It was so real, like I woke up in Wonderland.','2017-08-07 19:58:13','2017-08-07 19:58:13',NULL),(162,1,'See, my heart is racing \'cause this shit never happens to me.','2017-08-07 19:58:32','2017-08-07 19:58:32',NULL),(163,1,'You believe me, don\'t you? Please believe what I\'ve just said! See the Dead ain\'t touring and this wasn\'t all in my head.','2017-08-07 19:58:55','2017-08-07 19:58:55',NULL),(164,1,'See, they took me by the hand and invited me right in. Then they showed me something I don\'t even know where to begin.','2017-08-07 20:00:16','2017-08-07 20:00:16',NULL),(165,1,'Overwhelmed as one would be, placed in my position. Such a heavy burden now to be the one.','2017-08-07 20:00:54','2017-08-07 20:00:54',NULL),(166,1,'Born to bear and bring to all the details of our ending, to write it down for all the world to see.  But I forgot my pen. Shit the bed again ... Typical.','2017-08-07 20:01:29','2017-08-07 20:01:29',NULL),(167,1,'Can\'t remember what they said to make me out to be the hero.','2017-08-07 20:03:02','2017-08-07 20:03:02',NULL),(168,1,'God damn, shit the bed!','2017-08-07 20:03:18','2017-08-07 20:03:18',NULL),(169,1,'Spark becomes a flame. Flame becomes a fire. Forge a blade to slay the stranger. Take whatever we desire.','2017-08-07 20:03:45','2017-08-07 20:03:45',NULL),(170,1,'Angels on the sideline, Puzzled and amused.','2017-08-07 20:04:04','2017-08-07 20:04:04',NULL),(171,1,'Why did Father give these humans free will? Now they\'re all confused.','2017-08-07 20:04:22','2017-08-07 20:04:22',NULL),(172,1,'Don\'t these talking monkeys know that Eden has enough to go around?','2017-08-07 20:04:35','2017-08-07 20:04:35',NULL),(173,1,'Where there\'s one you\'re bound to divide it right in two.','2017-08-07 20:04:45','2017-08-07 20:04:45',NULL),(174,1,'Angels on the sideline, Baffled and confused. Father blessed them all with reason, and this is what they choose?','2017-08-07 20:05:06','2017-08-07 20:05:06',NULL),(175,1,'Monkey killing monkey killing monkey over pieces of the ground. Silly monkeys.','2017-08-07 20:05:31','2017-08-07 20:05:31',NULL),(176,1,'Silly monkeys. Give them thumbs, they make a club to beat their brother down.','2017-08-07 20:05:56','2017-08-07 20:05:56',NULL),(177,1,'How they\'ve survived so misguided is a mystery.','2017-08-07 20:06:04','2017-08-07 20:06:04',NULL),(178,1,'Repugnant is a creature who would squander the ability to lift an eye to heaven, conscious of his fleeting time here.','2017-08-07 20:06:20','2017-08-07 20:06:20',NULL),(179,1,'Gotta divide it all right in two.','2017-08-07 20:06:54','2017-08-07 20:06:54',NULL),(180,1,'They fight till they die over words, polarizing.','2017-08-07 20:07:24','2017-08-07 20:07:24',NULL);
/*!40000 ALTER TABLE `ipsums` ENABLE KEYS */;
UNLOCK TABLES;

--
-- Table structure for table `migrations`
--

DROP TABLE IF EXISTS `migrations`;
/*!40101 SET @saved_cs_client     = @@character_set_client */;
/*!40101 SET character_set_client = utf8 */;
CREATE TABLE `migrations` (
  `id` int(10) unsigned NOT NULL AUTO_INCREMENT,
  `migration` varchar(255) COLLATE utf8mb4_unicode_ci NOT NULL,
  `batch` int(11) NOT NULL,
  PRIMARY KEY (`id`)
) ENGINE=InnoDB AUTO_INCREMENT=15 DEFAULT CHARSET=utf8mb4 COLLATE=utf8mb4_unicode_ci;
/*!40101 SET character_set_client = @saved_cs_client */;

--
-- Dumping data for table `migrations`
--

LOCK TABLES `migrations` WRITE;
/*!40000 ALTER TABLE `migrations` DISABLE KEYS */;
INSERT INTO `migrations` VALUES (1,'2014_10_12_000000_create_users_table',1),(2,'2014_10_12_100000_create_password_resets_table',1),(3,'2017_07_23_180754_create_bands_table',1),(4,'2017_07_23_180812_create_albums_table',1),(5,'2017_07_23_182930_create_videos_table',1),(6,'2017_07_23_182931_create_songs_table',1),(7,'2017_07_23_191848_create_tags_table',1),(8,'2017_07_23_191903_create_videos_tags_table',1),(9,'2017_07_23_191937_create_videos_songs_table',1),(10,'2017_07_23_203937_create_songs_albums_table',1),(11,'2017_07_24_002007_add_order_column_to_songs_albums_table',2),(12,'2017_07_24_010244_add_source_and_video_id_to_videos_table',3),(13,'2017_08_07_143716_create_ipsums_table',4),(14,'2017_08_18_014305_increase_videos_description_column_size',5);
/*!40000 ALTER TABLE `migrations` ENABLE KEYS */;
UNLOCK TABLES;

--
-- Table structure for table `password_resets`
--

DROP TABLE IF EXISTS `password_resets`;
/*!40101 SET @saved_cs_client     = @@character_set_client */;
/*!40101 SET character_set_client = utf8 */;
CREATE TABLE `password_resets` (
  `email` varchar(255) COLLATE utf8mb4_unicode_ci NOT NULL,
  `token` varchar(255) COLLATE utf8mb4_unicode_ci NOT NULL,
  `created_at` timestamp NULL DEFAULT NULL,
  KEY `password_resets_email_index` (`email`)
) ENGINE=InnoDB DEFAULT CHARSET=utf8mb4 COLLATE=utf8mb4_unicode_ci;
/*!40101 SET character_set_client = @saved_cs_client */;

--
-- Dumping data for table `password_resets`
--

LOCK TABLES `password_resets` WRITE;
/*!40000 ALTER TABLE `password_resets` DISABLE KEYS */;
/*!40000 ALTER TABLE `password_resets` ENABLE KEYS */;
UNLOCK TABLES;

--
-- Table structure for table `songs`
--

DROP TABLE IF EXISTS `songs`;
/*!40101 SET @saved_cs_client     = @@character_set_client */;
/*!40101 SET character_set_client = utf8 */;
CREATE TABLE `songs` (
  `id` int(10) unsigned NOT NULL AUTO_INCREMENT,
  `name` varchar(255) COLLATE utf8mb4_unicode_ci NOT NULL,
  `slug` varchar(255) COLLATE utf8mb4_unicode_ci NOT NULL,
  `band_id` int(10) unsigned NOT NULL,
  `has_lyrics` tinyint(1) NOT NULL,
  `lyrics` text COLLATE utf8mb4_unicode_ci,
  `lyrics_video_id` int(10) unsigned DEFAULT NULL,
  `created_at` timestamp NULL DEFAULT NULL,
  `updated_at` timestamp NULL DEFAULT NULL,
  `deleted_at` timestamp NULL DEFAULT NULL,
  PRIMARY KEY (`id`),
  UNIQUE KEY `songs_band_id_slug_unique` (`band_id`,`slug`),
  KEY `songs_lyrics_video_id_foreign` (`lyrics_video_id`),
  CONSTRAINT `songs_band_id_foreign` FOREIGN KEY (`band_id`) REFERENCES `bands` (`id`),
  CONSTRAINT `songs_lyrics_video_id_foreign` FOREIGN KEY (`lyrics_video_id`) REFERENCES `videos` (`id`)
) ENGINE=InnoDB AUTO_INCREMENT=67 DEFAULT CHARSET=utf8mb4 COLLATE=utf8mb4_unicode_ci;
/*!40101 SET character_set_client = @saved_cs_client */;

--
-- Dumping data for table `songs`
--

LOCK TABLES `songs` WRITE;
/*!40000 ALTER TABLE `songs` DISABLE KEYS */;
INSERT INTO `songs` VALUES (1,'Sweat','sweat',1,1,'I\'m sweating, and breathing and staring and thinking and sinking deeper.\r\n\r\nIt\'s almost like I\'m swimming.\r\nThe sun is burning hot again on the hunter and the fisherman, and he\'s trying to remember when, but it makes him dizzy.\r\n\r\nSeems like I\'ve been here before. \r\nSeems so familiar. \r\nSeems like I\'m slipping into a dream within a dream. \r\n\r\nMust be the way you whisper. \r\nThe sun is setting cool again. \r\nI\'m the thinker and the fisherman and I\'m trying to remember when but it makes me dizzy.\r\n\r\nAnd I\'m sweating, and breathing, and staring and thinking and sinking deeper and it\'s almost like I\'m swimming.\r\n\r\nSeems like I\'ve been here before. \r\nSeems so familiar. \r\nSeems like I\'m slipping into a dream within a dream. \r\n\r\nIt\'s the way you whisper. \r\nIt drags me under and takes me home.',8,'2017-07-24 10:47:13','2017-12-25 21:41:29',NULL),(2,'Hush','hush',1,1,'I can\'t say what I want to, even if I\'m not serious.\r\n\r\nThings like.... Fuck yourself, kill yourself, you piece of shit. People tell me what to say, what to think, and what to play.\r\n\r\nI say...Go fuck yourself, you piece of shit. Why don\'t you go kill yourself? Just kidding.',9,'2017-07-24 10:47:13','2017-12-25 21:51:35',NULL),(3,'Part of Me','part-of-me',1,1,'I know you well. You are a part of me. \r\n\r\nI know you better than I know myself. \r\nI know you best, better than anyone. \r\nI know you better than I know myself. \r\nYou don\'t judge. \r\nYou can\'t speak. \r\nYou can\'t leave. \r\nYou can\'t hurt me. \r\nYou\'re just here for me to use. \r\nI know you best, better than one might think. I know you better than I know myself. \r\nIt\'s time for you to make a sacrifice. \r\nIt\'s time to die a little. \r\nGive it up. \r\nYou are a part of me.',10,'2017-07-24 10:47:13','2017-12-25 21:51:42',NULL),(4,'Cold and Ugly','cold-and-ugly',1,1,'Underneath her skin and jewelry, hidden in her words and eyes is a wall that\'s cold and ugly and she\'s scared as hell. \r\nTrembling at the thought of feeling. \r\nWide awake and keeping distance. \r\nNothing seems to penetrate her. \r\nShe\'s scared as hell. I am frightened to. \r\nWide awake and keeping distance from my soul. \r\nI am scared like you.',11,'2017-07-24 10:47:13','2017-12-25 21:51:46',NULL),(5,'Jerk-Off','jerk-off',1,1,'Someone told me once that there\'s a right and wrong, and that punishment would come to those who dare to cross the line. \r\nBut it must not be true for jerk-offs like you. \r\nMaybe it takes longer to catch a total asshole. \r\nBut I\'m tired of waiting. Maybe it\'s just bullshit and I should play GOD, and shoot you myself. \r\nBecause I\'m tired of waiting. Consequences dictate our course of action and it doesn\'t matter what\'s right. \r\nIt\'s only wrong if you get caught. If consequences dictate my course of action I should play GOD and shoot you myself. \r\nI\'m very tired of waiting. \r\nI should kick you,beat you, fuck you, and then shoot you in your fucking head.',12,'2017-07-24 10:47:13','2017-12-25 21:59:54',NULL),(6,'Opiate','opiate',1,1,'Choices always were a problem for you. What you need is someone strong to guide you. \r\nDeaf and blind and dumb and born to follow, what you need is someone strong to use you.. like me, like me. \r\nIf you want to get your soul to heaven, trust in me .Don\'t judge or question.You are broken now, but faith can heal you. \r\nJust do everything I tell you to do. \r\nDeaf and blind and dumb and born to follow. Let me lay my holy hand upon you. \r\nMy Gods will becomes me. \r\nWhen he speaks out, he speaks through me. He has needs like I do. \r\nWe both want to rape you. \r\nJesus Christ, why don\'t you come save my life. \r\nOpen my eyes and blind me with your light and your lies.',13,'2017-07-24 10:47:13','2017-12-25 22:00:00',NULL),(7,'The Gaping Lotus Experience','gaping-lotus-experience',1,1,'I had a friend once he took some acid Now he thinks he\'s a fire engine It\'s okay until he pisses on your lighter \r\nKinda smells kinda cool kinda funny anyway satan, satan, satan... \r\n\r\nI had a friend once he took some ecstasy tried to marry me and every one in the room \r\nHe was sort of loving kinda caring, kinda tried to fuck my lazy boy \r\nIt got a bit messy all over the curtains, arm chair covers, throw pillows, and carpeting satan, satan, satan...\r\nI\'m getting bored again...',14,'2017-07-24 10:47:13','2017-12-25 22:00:05',NULL),(8,'Intolerance','intolerance',1,1,'I don\'t want to be hostile. I don\'t want to be dismal. But I don\'t want to rot in an apathetic existance either. \r\nSee I want to believe you, and I want to trust and I want to have faith to put away the dagger. But you lie, cheat, and steal. \r\nAnd yet I tolerate you. \r\nVeil of virtue hung to hide your method while I smile and laugh and dance and sing your praise and glory. \r\nShroud of virtue hung to mask your stigma as I smile and laugh and dance and sing your glory while you lie, cheat, and steal. How can I tolerate you. Our guilt, our blame, I\'ve been far too sympathetic. \r\nOur blood, our fault. I\'ve been far too sympathetic. \r\nI am not innocent. You are not innocent. No one is innocent. I will no longer tolerate you. Even if I must go down beside you.\r\nBecause, No one is innocent.',15,'2017-07-24 10:47:13','2017-12-25 22:00:26',NULL),(9,'Prison Sex','prison-sex',1,1,'It took so long to remember just what happened. \r\nI was so young and vestal then, you know it hurt me, but I\'m breathing so I guess I\'m still alive even if signs seem to tell me otherwise. \r\nI\'ve got my hands bound, my head down, my eyes closed, and my throat wide open. \r\nDo unto others what has been done to you. \r\nI\'m treading water, I need to sleep a while. \r\nMy lamb and martyr, you look so precious. \r\nWon\'t you come a bit closer, close enough so I can smell you. \r\nI need you to feel this, I can\'t stand to burn too long. \r\nReleased in this sodomy. \r\nFor one sweet moment I am whole. \r\nDo unto you now what has been done to me. \r\nYou\'re breathing so I guess you\'re still alive even if signs seem to tell me otherwise. \r\nWon\'t you come just a bit closer, close enough so I can smell you. \r\nI need you to feel this. \r\nI need this to make me whole. \r\nThere\'s release in this sodomy. \r\nFor I am your witness that blood and flesh can be trusted. \r\nAnd only this one holy medium brings me piece of mind. \r\nGot your hands bound, your head down, your eyes closed. \r\nYou look so precious now. \r\nI have found some kind of temporary sanity in this shit blood and cum on my hands. \r\nI\'ve come round full circle. \r\nMy lamb and martyr, this will be over soon. \r\nYou look so precious.',16,'2017-07-24 10:47:13','2017-12-25 22:00:31',NULL),(10,'Sober','sober',1,1,'There\'s a shadow just behind me, shrouding every breath I take, making every promise empty, pointing every finger at me. \r\nWaiting like a stalking butler who upon the finger rests. \r\nMurder now the path called must we just before the son has come. \r\nJesus, won\'t you fucking whistle something but the past and done? \r\nWhy can\'t we not be sober? \r\nI just want to start this over. \r\nWhy can\'t we drink forever. \r\nI just want to start things over. \r\nI am just a worthless liar. \r\nI am just an imbecile. \r\nI will only complicate you. \r\nTrust in me and fall as well. \r\nI will find a center in you.\r\nI will chew it up and leave, I will work to elevate you just enough to bring you down. Trust me. \r\nMother Mary won\'t you whisper something but what\'s past and done. Trust me. \r\nI want what I want.',17,'2017-07-24 10:47:13','2017-12-25 22:15:15',NULL),(11,'Bottom','bottom',1,1,'My compassion is broken now. \r\nMy will is eroded, and my desire stolen and it makes me feel ugly. \r\nI\'m on my knees and burning. \r\nMy piss and moans are the fuel that set my head on fire. \r\nSo smell my soul burning. \r\nI\'m broken, looking up to see the enemy. \r\nI have swallowed the poison you feed me... but I survive on it, and it leaves me guilt fed, hatred fed, weakness fed.. and I feel ugly, and dead inside. Shit adds up at the bottom. \r\nYou\'ve left me no choice but to go inside and rebuild what\'s broken. \r\nToo much, too far, too late to lie down now.\r\nI must arm myself to fight you by making weapons out of my imperfections. \r\nIt\'s all I have left. \r\nThere\'s no other choice. \r\nI\'m shameless, nameless, nothing, and no one now. \r\nBut my soul must be iron for my fear is naked. \r\nI\'m naked and fearless. \r\nBut I\'m dead inside. \r\nYou see.. shit adds up, now I\'m dead inside. \r\nHatred, weakness, and guilt keep me alive at the bottom.',18,'2017-07-24 10:47:13','2017-12-25 22:15:20',NULL),(12,'Crawl Away','crawl-away',1,1,'You crawled away from me. \r\nSlipped away from me. \r\nI tried to keep a hold, but there was nothing I could say. \r\nYou slid and crept away and there was nothing I could say. \r\nSo what you\'re trying to say is you don\'t wanna play. \r\nBut what you want and what you need doesn\'t mean fuck to me. \r\nBecause I can see your back is turning. \r\nIf I could I\'d stick the knife in. \r\nThis is love. \r\nThis is my love for you. Get up. Now. Say you won\'t go.',19,'2017-07-24 10:47:13','2017-12-25 22:15:27',NULL),(13,'Swamp Song','swamp-song',1,1,'My warning meant nothing. \r\nYou\'re dancing in quicksand. \r\nWhy don\'t you watch where you\'re wandering? \r\nWhy don\'t you watch where you\'re stumbling? \r\nYou\'re wading knee deep and going in.\r\nAnd you may never come back again. \r\nThis bog is thick and easy to get lost in when you\'re a stupid, dumb ass, belligerent fucker. \r\nI hope it sucks you down. \r\nWander in and wandering. \r\nNo one even invited you in. \r\nBut still you stumble in stumbling. \r\nSo suffocate or get out while you can. \r\nNo one told you to come. \r\nI hope it sucks you down.',20,'2017-07-24 10:47:13','2017-12-25 22:15:35',NULL),(14,'Undertow','undertow',1,1,'Gone under two times. \r\nI\'ve been struck dumb by a voice that speaks from deep beneath the cold black water. \r\nIt\'s twice as clear as heaven, and twice as loud as reason. \r\nIt\'s deep and rich like silt on a riverbed and just as undisturbing. \r\nThe current\'s mouth below me opens up around me. \r\nSuggests and beckons all while swallowing.\r\nIt surrounds and drowns and sweeps me away. \r\nBut I\'m so comfortable... \r\nToo comfortable.\r\nshut up shut up shut up shut up shut up shut up shut up shut up you\'re saturating me.\r\nSo how could I let this bring me back to my knees again again again under for the third time. \r\nI\'ve been baptized by your voice. \r\nIt screams from deep beneath the endless water. \r\nAnd it\'s half as high as heaven and half as clear as reason. \r\nIt\'s cold and and black like silt on the riverbed. \r\nBut I\'m so comfortable. \r\nFar too comfortable. \r\nWhy don\'t you kill me, I\'m weak and numb and insignificant, and I\'m back on my knees. \r\nLost in euphoria. \r\nI\'m back down. \r\nI\'m in the undertow. \r\nI\'m helpless and awake in the undertow. \r\nI\'ll die within your undertow. \r\nIt seems there\'s no other way out of this undertow. \r\nEuphoria.',21,'2017-07-24 10:47:13','2017-12-25 22:15:40',NULL),(15,'4 Degrees','4-degrees',1,1,'Get up and free yourself from yourself. \r\nLocked up inside you, like the calm beneath castles, is a cavern of treasures that no one has been to. \r\nLet\'s go digging. \r\nBring it out to take you back in. \r\nYou won\'t do what you\'d like to do. \r\nLay back and let me show you another way. \r\nI\'ll kill what you want me to, take what\'s left and eat it. \r\nTake all or nothing. \r\nLife\'s just too short to push it away. \r\nTake it all. \r\nTake it all in. \r\nAll the way in.\r\nLet it go. Let it go in. \r\nYou won\'t feel what you\'d like to feel. \r\nLay back and let me show you another way. \r\nIf you knock me down I\'ll come back running, knock you down, it won\'t be long now All the way in. \r\nAll the way. \r\nTake it up higher. \r\n4 degrees warmer. \r\nGive in now and let me in. \r\nYou\'ll like this in Don\'t pull it out. \r\nIt brings us closer than dying and cancer and crying. \r\nCome on. \r\nYou can take it all. \r\nJust like that.',22,'2017-07-24 10:47:13','2017-12-25 22:15:46',NULL),(16,'Flood','flood',1,1,'Here comes the water. \r\nAll I knew and all I believed are crumbling images that no longer comfort me. \r\nI scramble to reach higher ground, some order and sanity, or something to comfort me. \r\nSo I take what is mine, and hold what is mine, suffocate what is mine, and bury what\'s mine. \r\nSoon the water will come and claim what is mine. \r\nI must leave it behind, and climb to a new place now.\r\nThis ground is not the rock I thought it to be. \r\nThought I was high, and free. \r\nI thought I was there divine destiny. \r\nI was wrong. \r\nThis changes everything. \r\nThe water is rising up on me. \r\nThought the sun would come deliver me, but the truth has come to punish me instead. \r\nThe ground is breaking down right under me. \r\nCleanse and purge me in the water.',23,'2017-07-24 10:47:13','2017-12-25 22:15:51',NULL),(17,'Disgustipated','disgustipated',1,1,'And the angel of the lord came unto me, snatching me up from my place of slumber. \r\nAnd took me on high, and higher still until we moved to the spaces betwixt the air itself. \r\nAnd he brought me into a vast farmlands of our own midwest. \r\nAnd as we descended, cries of impending doom rose from the soil. \r\nOne thousand, nay a million voices full of fear. \r\nAnd terror possessed me then. \r\nAnd I begged, \"Angel of the Lord, what are these tortured screams?\" \r\nAnd the angel said unto me, \"These are the cries of the carrots, the cries of the carrots! \r\nYou see, Reverend Maynard, tomorrow is harvest day and to them it is the holocaust.\" \r\nAnd I sprang from my slumber drenched in sweat like the tears of one million terrified brothers and roared, \"Hear me now, I have seen the light!\r\nThey have a consciousness, they have a life, they have a soul! Damn you!\r\nLet the rabbits wear glasses! Save our brothers!\" \r\nCan I get an amen? Can I get a hallelujah? \r\nThank you Jesus. \r\nLife feeds on life feeds on life feeds on life feeds on........ \r\nThis is necessary. \r\nIt was daylight when you woke up in your ditch. \r\nYou looked up at your sky then. \r\nThat made blue be your color. \r\nYou had your knife there with you too. \r\nWhen you stood up there was goo all over your clothes. \r\nYour hands were sticky. \r\nYou wiped them on your grass, so now your color was green. \r\nOh Lord, why did everything always have to keep changing like this. You were already getting nervous again. \r\nYour head hurt and it rang when you stood up. Your head was almost empty. \r\nIt always hurt you when you woke up like this. \r\nYou crawled up out of your ditch onto your gravel road and began to walk, waiting for the rest of your mind to come back to you. \r\nYou can see the car parked far down the road and you walked toward it. \r\n\"If God is our Father,\" you thought, \"then Satan must be our cousin.\" Why didn\'t anyone else understand these important things? \r\nYou got to your car and tried all the doors. \r\nThey were locked. It was a red car and it was new. \r\nThere was an expensive leather camera case laying on the seat. \r\nOut across your field, you could see two tiny people walking by your woods. \r\nYou began to walk towards them. \r\nNow red was your color and, of course, those little people out there were yours too.',24,'2017-07-24 10:47:13','2017-12-25 22:15:55',NULL),(18,'Stinkfist','stinkfist',1,1,'Something has to change. \r\nUndeniable dilemma. \r\nBoredom\'s not a burden anyone should bear. \r\nConstant over stimulation numbs me and I wouldn\'t have it any other way. \r\nIt\'s not enough. \r\nI need more. \r\nNothing seems to satisfy. \r\nI don\'t want it. I just need it. \r\nTo feel, to breathe, to know I\'m alive. \r\nFinger deep within the borderline. \r\nShow me that you love me and that we belong together.\r\nRelax, turn around and take my hand. \r\nI can help you change tired moments into pleasure. \r\nSay the word and we\'ll be well upon our way. \r\nBlend and balance pain and comfort deep within you till you will not have me any other way. \r\nIt\'s not enough. I need more. \r\nNothing seems to satisfy. \r\nI don\'t want it. I just need it. \r\nTo feel, to breathe, to know I\'m alive. \r\nKnuckle deep inside the borderline. \r\nThis may hurt a little but it\'s something you\'ll get used to. \r\nRelax. Slip away. \r\nSomething kinda sad about the way that things have come to be. Desensitized to everything. \r\nWhat became of subtlety? \r\nHow can it mean anything to me if I really don\'t feel anything at all? \r\nI\'ll keep digging till I feel something. \r\nElbow deep inside the borderline. \r\nShow me that you love me and that we belong together. \r\nShoulder deep within the borderline.\r\nRelax, turn around and take my hand.',25,'2017-07-24 10:47:13','2017-12-25 23:00:59',NULL),(19,'Eulogy','eulogy',1,1,'He had alot to say. \r\nHe had alot of nothing to say. \r\nWe\'ll miss him. So long. We wish you well. \r\nYou told us how you weren\'t afraid to die. \r\nWell then, so long. Don\'t cry. Or feel too down. \r\nNot all martyrs see divinity. \r\nBut at least you tried. \r\nStanding above the crowd he had a voice that was strong and loud. \r\nWe\'ll miss him. \r\nRanting and pointing his finger at everything but his heart. \r\nWe\'ll miss him. \r\nNo way to recall what it was that you had said to me, Like I care at all. \r\nSo loud. \r\nYou sure could yell. \r\nYou took a stand on every little thing and so loud. \r\nStanding above the crowd, he had a voice so strong and loud and I swallowed his faade cuz I\'m so eager to identify with someone above the ground, \r\nsomeone who seemed to feel the same, someone prepared to lead the way, with someone who would die for me. \r\nWill you? Will you now? Would you die for me? \r\nDon\'t you fuckin\' lie. \r\nDon\'t you step out of line. \r\nDon\'t you fuckin lie. \r\nYou\'ve claimed all this time that you would die for me. \r\nWhy then are you so surprised to hear your own eulogy? \r\nYou had a lot to say. \r\nYou had a lot of nothing to say. \r\nCome down. \r\nGet off your fuckin cross. \r\nWe need the fuckin space to nail the next fool martyr. \r\nTo ascend you must die. \r\nYou must be crucified for your sins and your lies. \r\nGoodbye...',26,'2017-07-24 10:47:13','2017-12-25 23:01:09',NULL),(20,'H.','h',1,1,'What\'s coming through is alive. \r\nWhat\'s holding up is a mirror. \r\nBut what\'s singing songs is a snake looking to turn this piss to wine. \r\nThey\'re both totally void of hate, but killing me just the same. \r\nThe snake behind me hisses what my damage could have been. \r\nMy blood before me begs meopen up my heart again. \r\nAnd I feel this coming over like a storm again. \r\nConsiderately. \r\nVenomous voice, tempts me, drains me, bleeds me, leaves me cracked and empty. \r\nDrags me down like some sweet gravity. \r\nThe snake behind me hisses what my damage could have been. \r\nMy blood before me begs me open up my heart again. \r\nAnd I feel this coming over like a storm again. \r\nI am too connected to you to slip away, to fade away. \r\nDays away I still feel you touching me, changing me, and considerately killing me. \r\nWithout the skin, beneath the storm, under these tears the walls came down. \r\nAnd the snake is drowned and as I look in his eyes, my fear begins to fade recalling all of those times. \r\nI could have cried then. \r\nI should have cried then.\r\nAnd as the walls come down and as I look in your eyes my fear begins to fade recalling all of the times I have died and will die. \r\nIt\'s all right. \r\nI don\'t mind. \r\nI am too connected to you to slip away, to fade away. \r\nDays away I still feel you touching me, changing me, and considerately killing me.',27,'2017-07-24 10:47:13','2017-12-25 23:01:22',NULL),(21,'Useful Idiot','useful-idiot',1,0,NULL,NULL,'2017-07-24 10:47:13','2017-07-24 10:47:13',NULL),(22,'Forty Six & 2','fourty-six-and-2',1,1,'My shadow\'s Shedding skin and I\'ve been picking scabs again. \r\nI\'m down digging through my old muscles looking for a clue.\r\nI\'ve been crawling on my belly clearing out what could\'ve been. \r\nI\'ve been wallowing in my own confused and insecure delusions for a piece to cross me over or a word to guide me in. \r\nI wanna feel the changes coming down. \r\nI wanna know what I\'ve been hiding in my shadow. \r\nChange is coming through my shadow. \r\nMy shadow\'s shedding skin I\'ve been picking my scabs again. \r\nI\'ve been crawling on my belly clearing out what could\'ve been \r\nI\'ve been wallowing in my own chaotic and insecure delusions. \r\nI wanna feel the change consume me, feel the outside turning in. \r\nI wanna feel the metamorphosis and cleansing I\'ve endured within my shadow. \r\nChange is coming. \r\nNow is my time. \r\nListen to my muscle memory. \r\nContemplate what I\'ve been clinging to. \r\nForty-six and two ahead of me. \r\nI choose to live and to grow, take and give and to move, learn and love and to cry, kill and die and to be paranoid and to lie, hate and fear and to do what it takes to move through. \r\nI choose to live and to lie, kill and give and to die, learn and love and to do what it takes to step through. \r\nSee my shadow changing, stretching up and over me soften this old armor.\r\nHoping I can clear the way by stepping through my shadow, coming out the other side. \r\nStep into the shadow. \r\nForty six and two are just ahead of me.',28,'2017-07-24 10:47:13','2017-12-25 23:01:41',NULL),(23,'Message to Harry Manback','message-to-harry-manback',1,0,NULL,NULL,'2017-07-24 10:47:13','2017-07-24 10:47:13',NULL),(24,'Hooker with a Penis','hooker-with-a-penis',1,1,'I met a boy wearing Vans, 501s, and a dope beastie-tee, nipple rings, and new tattoos that claimed that he was OGT, from \'92, the first EP. \r\nAnd in between sips of coke he told me that he thought we were sellin\' out, layin\' down, suckin\' up to the man. \r\nWell now I\'ve got some advice for you, little buddy. \r\nBefore you point the finger you should know that I\'m the man, \r\nand if I\'m the man, then you\'re the man, \r\nand he\'s the man as well so you can point that fuckin\' finger up your ass.\r\nAll you know about me is what I\'ve sold you, Dumb fuck. \r\nI sold out long before you ever heard my name. \r\nI sold my soul to make a record, Dip shit, and you bought one. \r\nSo I\'ve got some Advice for you, little buddy. \r\nBefore you point your finger \r\nYou should know that I\'m the man. \r\nIf I\'m the fuckin\' man then you\'re the fuckin\' man as well, \r\nSo you can Point that fuckin\' finger up your ass. \r\nAll you know about me is what I\'ve sold you, Dumb fuck. \r\nI sold out long before you ever heard my name. \r\nI sold my soul to make a record,\r\nDip shit, And you bought one. \r\nAll you read and Wear or see and Hear on TV Is a product \r\nBegging for your Fatass dirty Dollar So ... \r\nShut up and Buy my new record \r\nSend more money Fuck you, buddy.',29,'2017-07-24 10:47:13','2017-12-25 23:02:04',NULL),(25,'intermission','intermission',1,0,NULL,NULL,'2017-07-24 10:47:13','2017-07-24 10:47:13',NULL),(26,'Jimmy','jimmy',1,1,'What was it like to see the face of your own stability suddenly look away leaving you with the dead and hopeless? \r\nEleven and she was gone. \r\nEleven is when we waved good-bye. \r\nEleven is standing still, waiting for me to free him by coming home. \r\nMoving me with a sound. \r\nOpening me within a gesture. \r\nDrawing me down and in, showing me where it all began, \r\nEleven. It took so long to realize that you hold the light that\'s been leading me back home. \r\nUnder a dead Ohio sky, defending his light, and wondering... where the hell have I been? \r\nSleeping, lost, and numb. \r\nSo glad that I have found you. \r\nI am wide awake and heading home. \r\nHold your light, Eleven. \r\nLead me through each gentle step by step by inch by loaded memory. \r\nI\'ll move to heal as soon as pain allows so we can reunite and both move on together. \r\nHold your light, eleven. \r\nLead me through each gentle step by step by inch by loaded memory \'till one and one are one, eleven, so glow, child, glow. \r\nI\'m heading back home.',30,'2017-07-24 10:47:13','2017-12-25 23:03:11',NULL),(27,'Die Eier von Satan','die-eier-von-satan',1,1,'Eine halbe Tasse Staubzucker Ein Viertel Teelffel Salz Eine Messerspitze trkisches Haschisch Ein halbes Pfund Butter Ein Teelffel Vanillenzucker Ein halbes Pfund Mehl Einhundertfnfzig Gramm gemahlene Nsse Ein wenig extra Staubzucker ... und keine Eier In eine Schssel geben Butter einrhren Gemahlene Nsse zugeben und Den Teig verkneten Augenballgroe Stcke vom Teig formen Im Staubzucker wlzen und Sagt die Zauberwrter Simsalbimbamba Saladu Saladim Auf ein gefettetes Backblech legen und Bei zweihundert Grad fr fnfzehn Minuten backen und KEINE EIER Bei zweihundert Grad fr fnfzehn Minuten backen und Keine Eier ..',31,'2017-07-24 10:47:13','2017-12-25 23:03:31',NULL),(28,'Pushit','pushit',1,1,'I will choke until I swallow... \r\nChoke this infant here before me. \r\nWhat is this but my reflection? \r\nWho am I to judge and strike you down? \r\nBut you\'re pushing and shoving me. \r\nYou still love me and you pushit on me. \r\nRest your trigger on my finger, bang my head upon the fault line. \r\nTake care not to make me enter. \r\n\'cause if I do we both may disappear. \r\nBut you\'re pushing me, shoving me. \r\nPushit on me. \r\nSlipping back into the gap again. \r\nI\'m alive when you\'re touching me, alive when you\'re shoving me down. \r\nBut I\'d trade it all for just a little bit of piece of mind. \r\nPut me somewhere I don\'t wanna be. \r\nSeeing someplace I don\'t wanna see. \r\nNever wanna see that place again. \r\nSaw that gap again today as you were begging me to stay. \r\nManaged to push myself away, and you, as well. \r\nIf, when I say I may fade like a sigh if I stay, you minimize my movement anyway, I must persuade you another way. \r\nThere\'s no love in fear. \r\nStaring down the hole again. \r\nHands upon my back again. \r\nSurvival is my only friend. \r\nTerrified of what may come. \r\nJust remember I will always love you, even as I tear your fucking throat away. \r\nBut it will end no other way.',32,'2017-07-24 10:47:13','2017-12-25 23:03:38',NULL),(29,'Cesaro Summability','cesaro-summability',1,0,NULL,NULL,'2017-07-24 10:47:13','2017-07-24 10:47:13',NULL),(30,'Aenema','aenema',1,1,'Some say the end is near. \r\nSome say we\'ll see armageddon soon. \r\nI certainly hope we will. \r\nI sure could use a vacation from this bullshit three ring circus sideshow of\r\nFreaks here in this hopeless fucking hole we call LA The only way to fix it is to flush it all away. \r\nAny fucking time. \r\nAny fucking day. \r\nLearn to swim, I\'ll see you down in Arizona bay. \r\nFret for your figure and \r\nFret for your latte and \r\nFret for your hairpiece and \r\nFret for your lawsuit and \r\nFret for your prozac and \r\nFret for your pilot and \r\nFret for your contract and \r\nFret for your car. \r\nIt\'s a bullshit three ring circus sideshow of freaks here in this hopeless fucking hole we call LA \r\nThe only way to fix it is to flush it all away. \r\nAny fucking time. \r\nAny fucking day. \r\nLearn to swim, I\'ll see you down in Arizona bay. \r\nSome say a comet will fall from the sky. \r\nFollowed by meteor showers and tidal waves. \r\nFollowed by faultlines that cannot sit still. \r\nFollowed by millions of dumbfounded dipshits. \r\nSome say the end is near. \r\nSome say we\'ll see armageddon soon. \r\nI certainly hope we will cuz I sure could use a vacation from this Silly shit, stupid shit... \r\nOne great big festering neon distraction, I\'ve a suggestion to keep you all occupied. \r\nLearn to swim. \r\nMom\'s gonna fix it all soon. \r\nMom\'s comin\' round to put it back the way it ought to be. \r\nLearn to swim. \r\nFuck L Ron Hubbard and Fuck all his clones. \r\nFuck all those gun-toting Hip gangster wannabes. \r\nLearn to swim. \r\nFuck retro anything. \r\nFuck your tattoos. \r\nFuck all you junkies and Fuck your short memory. \r\nLearn to swim. \r\nFuck smiley glad-hands With hidden agendas. \r\nFuck these dysfunctional, Insecure actresses. \r\nLearn to swim. \r\nCuz I\'m praying for rain and I\'m praying for tidal waves I wanna see the ground give way. \r\nI wanna watch it all go down. \r\nMom please flush it all away. \r\nI wanna watch it go right in and down. \r\nI wanna watch it go right in. \r\nWatch you flush it all away. \r\nTime to bring it down again. \r\nDon\'t just call me pessimist. \r\nTry and read between the lines. \r\nI can\'t imagine why you wouldn\'t Welcome any change, my friend. \r\nI wanna see it all come down. \r\nSuck it down. \r\nFlush it down.',33,'2017-07-24 10:47:13','2017-12-25 23:03:52',NULL),(31,'(-) Ions','ions',1,0,NULL,NULL,'2017-07-24 10:47:13','2017-07-24 10:47:13',NULL),(32,'Third Eye','third-eye',1,1,'Dreaming of that face again. \r\nIt\'s bright and blue and shimmering. \r\nGrinning wide and comforting me with it\'s three warm and wild eyes. \r\nOn my back and tumbling down that hole and back again rising up and wiping the webs and the dew from my withered eye. \r\nIn Out In Out In Out A child\'s rhyme stuck in my head. \r\nIt said that life is but a dream. \r\nI\'ve spent so many years in question to find I\'ve known this all along. \r\n\"So good to see you. I\'ve missed you so much. So glad it\'s over. I\'ve missed you so much. \r\nCame out to watch you play. Why are you running?\" \r\nShrouding all the ground around me. \r\nIs this holy crow above me. \r\nBlack as holes within a memory and blue as our new second sun. \r\nI stick my hand into his shadow to pull the pieces from the sand. \r\nWhich I attempt to reassemble to see just who I might have been. \r\nI do not recognize the vessel, but the eyes seem so familiar. \r\nLike phosphorescent desert buttons singing one familiar song... \r\n\"So good to see you. I\'ve missed you so much. So glad it\'s over. I\'ve missed you so much. \r\nCame out to watch you play. Why are you running away?\" \r\nPrying open my third eye. \r\nSo good to see you once again. \r\nI thought that you were hiding. \r\nAnd you thought that I had run away. \r\nChasing the tail of dogma. \r\nI opened my eye and there we were. \r\nSo good to see you once again I thought that you were hiding from me. \r\nAnd you thought that I had run away. \r\nChasing a trail of smoke and reason. \r\nPrying open my third eye.',34,'2017-07-24 10:47:13','2017-12-25 23:04:05',NULL),(33,'Message to Harry Manback II','message-to-harry-manback-ii',1,1,'Stronzo, stronzo di merda\r\nI\'m trying to take a nap but\r\nI couldn\'t sleep overnight because of you\r\nUgh, you really hurted me,\r\nOhhhh you really hurt me\r\nWhen I was high,\r\nYou called me an asshole?\r\nTalk to me fai schifo\r\nPezzo di merda\r\nHave you ever been trying to take a nap?\r\nMy heart beats too fast\r\nBecause I\'m thinking of your fucking ugly face\r\nYou you suck\r\nFai schifo\r\nPezzo di merda\r\nFai proprio schifo\r\nVafanculo, ah\r\nStronzo bastardo.',35,'2017-07-24 10:47:13','2017-12-26 01:16:49',NULL),(34,'You Lied','you-lied',1,1,'Setting sun can\'t shine, now you\'re gone\r\nInside sleeping, my heart beating\r\nYou know that you tried to hide it\r\nCouldn\'t you have said what you meant? Oh...\r\n\r\nTime heals, time congeals around us\r\nEndless hours of wasted moments\r\nUnderstanding, not demanding\r\nYour eyes tell what you feel inside\r\n\r\nSetting sun can\'t shine, now you\'re gone\r\nInside sleeping, my heart beating\r\nYou know that you tried to hide it\r\nShouldn\'t you have said what you meant?\r\n\r\nYOU LIED!',36,'2017-07-24 10:47:13','2017-12-26 01:16:59',NULL),(35,'Merkaba','merkaba',1,1,'[it\'s / having / in] some kind of psychedelic experience.\r\n\r\nOur body is light, we are immortal.\r\nOur body is love, we are eternal.\r\nEternal..\r\n\r\nOmniscient, omnipotent, omnipresent, without judgment.',37,'2017-07-24 10:47:13','2017-12-26 01:17:30',NULL),(36,'No Quarter','no-quarter',1,1,'Lock the door, kill the light.\r\nNo one\'s coming home tonight.\r\nThe sun beats down and don\'t you know?\r\nAll our lives are growing cold, oh...\r\nThey bring news that must get through.\r\nTo build a dream for me and you, oh.\r\n\r\nLocked in a place where no one goes.\r\n\r\nThey ask no quarter\r\nThey have no quarter.\r\n\r\nLock the door, kill the light\r\nNo one\'s coming home tonight\r\n\r\nIt\'s getting colder\r\nLocked in a place where no one goes.\r\n\r\nLock the door, kill the light\r\nNo one\'s coming home tonight\r\n\r\nThey bring news that must get through.\r\nDying peace in me and you\r\n\r\nLocked in a place where no one goes.\r\n\r\nWe have no quarter\r\nWe have no quarter\r\nWe ask no quarter',38,'2017-07-24 10:47:13','2017-12-26 01:17:52',NULL),(37,'LAMC','lamc',1,1,'Thank you for calling the Los Angeles Municipal Court.\r\nThis is an automated system that can handle most inquiries.\r\nIf after using this system, your question is not answered, please, stay on the line and a representative will be with you shortly.\r\n\r\nIf you are calling from a touch-tone phone, please press 1.\r\nIf you are calling from a cellular phone, please press 2.\r\nIf you are calling from a pay phone, please press 3.\r\nIf you are calling from a car phone, please press 4.\r\nIf you are calling from a secret-spy phone, please press 5.\r\nIf you are calling from a princess, phone, please press 6\r\nIf you are calling from a car fax, please press 7.\r\nand If you are calling from a rotary phone, please, stay on the line\r\n\r\nMake your selection at any time.\r\n\r\n(touch-tone 1)\r\n\r\nMake your selection at any time.\r\n\r\n(three touch-tone 1\'s)\r\n\r\nFor information in English, please press 1.\r\nFor information in Spanish, please press 2.\r\nFor information in Japanese, please press 3.\r\nFor information in Chinese, please press 4.\r\nFor information in Dutch, please press 5.\r\nFor information in Latvian, please press 6.\r\nFor information in French, please press 7.\r\nFor information in Yiddish, please press 8.\r\nFor information in Ig-pay Atin-lay, lease-pay ress-pay ine-nay.\r\n\r\n(touch-tone 1)\r\n\r\nIf you are responding to a notice from the City Attorney\'s office, press 3.\r\nTo check the amount due on a parking ticket, press 4.\r\nIf you believe you are ticketed in error because your disabled person\r\nplacard or your preferential parking permit was clearly displayed, or\r\nyour vehicle is disabled, press 5.\r\nFor all other traffic related matters, press 6.\r\n\r\n(long touch-tone 6)\r\n\r\nPlease make a selection at any time.\r\n\r\n(three touch-tone 6\'s)\r\n\r\nFor traffic school information, press 1.\r\nFor payment inormation, press 2.\r\nFor court locations, press 3.\r\nFor general ticket and warrant information, press 4.\r\nFor court appearance and bail information, press 5.\r\nFor traffic court appointment information, press 6.\r\n\r\n(four touch-tone 6\'s)\r\n\r\nIf you need to make a traffic court appointment, please press 1,\r\nunless you have not filled out a DD form 3018, in which case,\r\nplease press 2. To receive a blank DD form 3018, please come\r\ndown to the Los Angeles Municipal Court building during normal\r\nbusiness hours. If you have filled out DD form 3018, but have\r\nnot reported to the City Attorney\'s office, please press 3.\r\n\r\nIf you are not receiving physical therapy but have a relative that\r\nvoted \'no\' on Proposition 187 * and have collected a notarized waiver\r\nfrom said relative, and have attached said waiver in triplicate to\r\nsaid form, please press 4, unless of course, said relative is not\r\na naturalized citizen, in which case, please press 5.\r\n\r\nIf you are receiving physical therapy from a naturalized citizen but\r\nhave not voted \'yes\' or \'no\' on Proposition 187 and have not reported\r\nto the City Attorney, but have filled out form DD 3018, please\r\npress 6.\r\n\r\nOf course, if you have not had your eyes tested by your local\r\nDepartment of Motor Vehicles in the last three years, in which case\r\npress 7. If you have had your eyes tested AND voted \'yes\' on\r\nProposition 187, and have your DD form 3018 filled out and\r\nhave already reported to the City Attorney but have never been called\r\nin for jury duty, press 8.\r\n\r\n(touch-tone entry)\r\n\r\nMake your selection at any time.\r\n\r\n(here begins the touch-tone frenzy)\r\n\r\nMake your selection at any time.\r\n\r\nThe system is waiting for a touch tone entry.\r\nThe system is waiting for a touch tone entry.\r\n\r\nThere is a possibility that you have made an error in\r\nselecting your message. Please try again.\r\n\r\nThe system is waiting for a touch tone entry.\r\n\r\nThere is a possibility that you have made an error in\r\nselecting your message. Please try again.\r\n\r\nI\'m sorry, but we are unable to interpret your request.\r\nPlease call back during normal business hours.\r\n\r\n(CLICK ... sound of dialing)\r\n\r\nThank you for calling the Los Angeles Municipal Court.\r\nThis is an automated system that can handle most inquiries.\r\nIf after using this system, your question is not answered,\r\nplease, stay on the line\r\nand a representative will be with you shortly.\r\n\r\nIf you are calling from a touch-tone phone, please press 1.\r\nIf you are calling from a cellular phone, please press 2.',39,'2017-07-24 10:47:13','2017-12-26 01:18:02',NULL),(38,'Maynard\'s Dick','maynards-dick',1,1,'It\'s all an open center\r\nOpens up and lets the wind lift him away\r\nIt doesn\'t have to feel water\r\nIt\'s just a place that feels right with him?\r\nKinda like the way you\'re breathing\r\nI kinda like the way you keep looking away\r\nWould you like to glide on\r\nSlide a mile six inches at a time on Maynard\'s dick\r\n\r\nThere\'s a shyness found in reason\r\nApprehensive influence swallow away\r\nYou seem to feel abysmal take it\r\nthen you\'re careful grace for sure?\r\nKinda like the way you\'re breathing\r\nKinda like the way you keep looking away\r\nWould you like to climb on\r\nClimb on my six inches and go down on Maynard\'s dick\r\n\r\nTook you out in the back of the toolshed\r\nPut it right on top of your forehead\r\nTook you out in the back of the toolshed\r\nNow you know what you\'re fuckin with... Maynard\'s dick!',40,'2017-07-24 10:47:13','2017-12-26 01:18:19',NULL),(39,'The Grudge','the-grudge',1,1,'Wear your grudge like a crown of negativity.\r\nCalculate what we will or will not tolerate.\r\nDesperate to control all and everything.\r\nUnable to forgive your scarlet lettermen.\r\nClutch it like a cornerstone. Otherwise it all comes down.\r\nJustify denials and grip it to the lonesome end.\r\nClutch it like a cornerstone. Otherwise it all comes down.\r\nTerrified of being wrong. Ultimatum prison cell.\r\n\r\nSaturn ascends, choose one or ten. Hang on or be humbled again.\r\n\r\nClutch it like a cornerstone. Otherwise it all comes down.\r\nJustify denials and grip it to the lonesome end.\r\nSaturn ascends, comes round again.\r\nSaturn ascends, the one, the ten. Ignorant to the damage done.\r\n\r\nWear your grudge like a crown of negativity.\r\nCalculate what you will or will not tolerate.\r\nDesperate to control all and everything.\r\nUnable to forgive your scarlet lettermen.\r\n\r\nWear the grudge like a crown. Desperate to control.\r\nUnable to forgive. And we\'re sinking deeper.\r\n\r\nDefining, confining, sinking deeper. Controlling, defining, and we\'re sinking deeper.\r\n\r\nSaturn comes back around to show you everything\r\nLet\'s you choose what you will not see and then\r\nDrags you down like a stone or lifts you up again\r\nSpits you out like a child, light and innocent.\r\n\r\nSaturn comes back around. Lifts you up like a child or\r\nDrags you down like a stone to \r\nConsume you till you choose to let this go. \r\nChoose to let this go.\r\n\r\nGive away the stone. Let the oceans take and transmutate this cold and fated anchor.\r\nGive away the stone. Let the waters kiss and transmutate these leaden grudges into gold.\r\n\r\nLet go.',41,'2017-07-24 10:47:13','2017-12-26 01:41:20',NULL),(40,'Eon Blue Apocalypse','eon-blue-apocalypse',1,0,NULL,NULL,'2017-07-24 10:47:13','2017-07-24 10:47:13',NULL),(41,'The Patient','the-patient',1,1,'A groan of tedium escapes me, startling the fearful.\r\nIs this a test? \r\nIt has to be. Otherwise I can\'t go on.\r\nDraining patience. drain vitality.\r\nthis paranoid, paralyzed vampire act\'s a little old.\r\n\r\nBut I\'m still right here, giving blood and keeping faith. And I\'m still right here.\r\nBut I\'m still right here, giving blood and keeping faith. And I\'m still right here.\r\n\r\nI\'m gonna wait it out\r\n\r\nIf there were no rewards to reap, \r\nno loving embrace to see me through this tedious path I\'ve chosen here,\r\nI certainly would\'ve walked away by now.\r\n\r\nI\'m gonna wait it out\r\n\r\nIf there were no desire to heal \r\nThe damaged and broken met along this tedious path I\'ve chosen here,\r\nI certainly would\'ve walked away by now.\r\n\r\nI still may. And I still may.\r\nBe patient.\r\n\r\nI must keep reminding myself of this...\r\n\r\nIf there were no rewards to reap, \r\nno loving embrace to see me through this tedious path I\'ve chosen here,\r\nI certainly would\'ve walked away by now.\r\nAnd I still may. And I still may. And I still may.\r\n\r\nI\'m gonna wait it out.\r\nI\'m gonna wait it out.\r\nGonna wait it out.\r\nGonna wait it out.',42,'2017-07-24 10:47:13','2017-12-26 01:41:27',NULL),(42,'Mantra','mantra',1,0,NULL,NULL,'2017-07-24 10:47:13','2017-07-24 10:47:13',NULL),(43,'Schism','schism',1,1,'I know the pieces fit cuz I watched them fall away\r\nmildewed and smoldering, fundamental differing,\r\npure intention juxtaposed will set two lovers souls in motion\r\ndisintegrating as it goes testing our communication\r\nthe light that fueled our fire then has burned a hole between us so\r\nwe cannot see to reach an end crippling our communication. \r\n\r\nI know the pieces fit cuz I watched them tumble down\r\nno fault, none to blame it doesn\'t mean I don\'t desire to\r\npoint the finger, blame the other, watch the temple topple over.\r\nTo bring the pieces back together, rediscover communication.\r\n\r\nThe poetry that comes from the squaring off between,\r\nAnd the circling is worth it.\r\nFinding beauty in the dissonance.\r\n\r\nThere was a time that the pieces fit, but I watched them fall away.\r\nMildewed and smoldering, strangled by our coveting\r\nI\'ve done the the math enough to know the dangers of a second guessing \r\nDoomed to crumble unless we grow, and strengthen our communication\r\n\r\ncold silence has a tendency to atrophy any sense of compassion \r\n\r\nbetween supposed lovers\r\nbetween supposed brothers.\r\n\r\nAnd I know the pieces fit.',43,'2017-07-24 10:47:13','2017-12-26 01:41:40',NULL),(44,'Parabol','parabol',1,1,'So familiar and overwhelmingly warm\r\nThis one, this form I hold now.\r\nEmbracing you, this reality here,\r\nThis one, this form I hold now, so\r\nWide eyed and hopeful.\r\nWide eyed and hopefully wild.\r\n\r\nWe barely remember what came before this precious moment,\r\nChoosing to be here right now. Hold on, stay inside...\r\nThis body holding me, reminding me that I am not alone in\r\nThis body makes me feel eternal. All this pain is an illusion.',44,'2017-07-24 10:47:13','2017-12-26 01:41:55',NULL),(45,'Parabola','parabola',1,1,'We barely remember who or what came before this precious moment,\r\nWe are Choosing to be here right now. Hold on, stay inside...\r\nThis holy reality, this holy experience. Choosing to be here in...\r\n\r\nThis body. This body holding me. Be my reminder here that I am not alone in\r\nThis body, this body holding me, feeling eternal all this pain is an illusion.\r\n\r\nAlive\r\n\r\nThis holy reality, in this holy experience. Choosing to be here in...\r\n\r\nThis body. This body holding me. Be my reminder here that I am not alone in\r\nThis body, this body holding me, feeling eternal all this pain is an illusion...\r\nOf what it means to be alive\r\n\r\nSwirling round with this familiar parable.\r\nSpinning, weaving round each new experience.\r\nRecognize this as a holy gift and celebrate this \r\nchance to be alive and breathing\r\nchance to be alive and breathing.\r\n\r\nThis body holding me reminds me of my own mortality. \r\nEmbrace this moment. Remember. we are eternal.\r\nall this pain is an illusion.',45,'2017-07-24 10:47:13','2017-12-26 01:42:07',NULL),(46,'Ticks & Leeches','tickes-and-leeches',1,1,'Suck and suck. Suckin up all you can suckin up all you can suck.\r\nWorkin up under my patience like a little tick.\r\nFat little parasite. Suck me dry.\r\nMy blood is bruised and borrowed. You thieving bastards. \r\nYou have turned my blood cold and bitter, \r\nbeat my compassion black and blue.\r\n\r\nHope this is what you wanted.\r\nHope this is what you had in mind.\r\nCuz this is what you\'re getting.\r\nI hope you\'re choking. I hope you choke on this.\r\nI hope you\'re choking. I hope you choke on this.\r\n\r\nTaken all I can taken all I can, we can take. Taken all you can taken you can, we can take.\r\nGot nothing left to give to you.\r\nBlood suckin parasitic little blood suckin parasitic little\r\nblood suckin parasitic little tick\r\nTake what you want and then go.\r\n\r\nSuck me dry. \r\n\r\nIs this what you wanted?\r\nIs this what you had in mind?\r\nIs this what you wanted?\r\nCuz this this is what you\'re getting.\r\nI hope, I hope, I hope you choke.',46,'2017-07-24 10:47:13','2017-12-26 01:43:18',NULL),(47,'Lateralus','lateralus',1,1,'Black then white are all i see in my infancy.\r\nred and yellow then came to be, reaching out to me. \r\nlets me see.\r\nas below, so above and beyond, I imagine\r\ndrawn beyond the lines of reason.\r\nPush the envelope. Watch it bend.\r\n\r\nOver thinking, over analyzing separates the body from the mind.\r\nWithering my intuition, missing opportunities and I must\r\nFeed my will to feel my moment drawing way outside the lines.\r\n\r\nBlack then white are all i see in my infancy.\r\nred and yellow then came to be, reaching out to me. \r\nlets me see there is so much more and\r\nbeckons me to look thru to these infinite possibilities.\r\nas below, so above and beyond, I imagine\r\ndrawn outside the lines of reason.\r\nPush the envelope. Watch it bend.\r\n\r\nover thinking, over analyzing separates the body from the mind.\r\nWithering my intuition leaving opportunities behind.\r\nFeed my will to feel this moment urging me to cross the line.\r\nReaching out to embrace the random. \r\nReaching out to embrace whatever may come.\r\n\r\nI embrace my desire to\r\nI embrace my desire to\r\nfeel the rhythm, to feel connected enough to step aside and weep like a widow\r\nto feel inspired to fathom the power, to witness the beauty, \r\nto bathe in the fountain, \r\nto swing on the spiral \r\nto swing on the spiral \r\nto swing on the spiral of our divinity and still be a human.\r\n\r\nWith my feet upon the ground I move myeslf between the sounds and open wide to suck it in. \r\nI feel it move across my skin. \r\nI\'m reaching up and reaching out. I\'m reaching for the random or what ever will bewilder me.\r\nwhat ever will bewilder me.\r\nAnd following our will and wind we may just go where no one\'s been.\r\nWe\'ll ride the spiral to the end and may just go where no one\'s been.\r\nSpiral out. Keep going.\r\nSpiral out. Keep going.\r\nSpiral out. Keep going.\r\nSpiral out. Keep going.\r\nSpiral out. Keep going.',47,'2017-07-24 10:47:13','2017-12-26 01:43:32',NULL),(48,'Disposition','Disposition',1,1,'mention this to me. \r\nmention something, anything.. \r\nand watch the weather change.',48,'2017-07-24 10:47:13','2017-12-26 01:43:38',NULL),(49,'Reflection','reflection',1,1,'I find that I can see a light at the end down \r\nBeneath my self-indulgent pitiful hole. \r\nDefeated I Concede and move closer. I may find comfort here \r\nI may find peace within the emptiness. How pitiful.\r\nIt\'s calling me.\r\nIt\'s calling me.\r\nIt\'s calling me.\r\nIt\'s calling me.\r\n\r\nAnd in my darkest moment, fetal and weeping.\r\nThe moon tells me a secret. My confidant.\r\nAs full and bright as I am, this light is not my own \r\nA million light reflections pass over me\r\nIt\'s source is bright and endless.\r\nShe resuscitates the hopeless\r\nWithout her we are lifeless satellites dreaming dreams.\r\nAnd as I pull my head out I am without one doubt\r\nDon\'t want to be down here feeding my narcissism\r\nI must crucify the ego before it\'s far too late\r\nI pray the light lifts me out before I pine away.\r\nbefore I pine away.\r\nbefore I pine away.\r\nbefore I pine away.\r\n\r\nSo crucify the ego before it\'s far too late\r\nTo leave behind this place so negative and blind and cynical\r\nAnd you will come to find that we are all one mind\r\nJust let the light touch you and let the words spill thorough\r\nJust let them pass right through, bringing out our hope and reason.\r\n\r\nbefore I pine away.\r\nbefore I pine away.\r\nbefore I pine away.\r\nbefore I pine away.',49,'2017-07-24 10:47:13','2017-12-26 01:43:46',NULL),(50,'Triad','triad',1,0,NULL,NULL,'2017-07-24 10:47:13','2017-07-24 10:47:13',NULL),(51,'Faaip de Oiad','faaip-de-oiad',1,1,'\"I, I don\'t have a whole lot of time. Um, OK, I\'m a former employee of Area 51. I, I was let go on a medical discharge about a week ago and, and... [chokes] I\'ve kind of been running across the country. Damn, I don\'t know where to start, they\'re, they\'re gonna, um, they\'ll triangulate on this position really soon.\r\n\r\nOK, um, um, OK, what we\'re thinking of as, as aliens, they\'re extradimensional beings, that, an earlier precursor of the, um, space program they made contact with. They are not what they claim to be. Uh, they\'ve infiltrated a, a lot of aspects of, of, of the military establishment, particularly the Area 51.\r\n\r\nThe disasters that are coming, they, the military, I\'m sorry, the government knows about them. And there\'s a lot of safe areas in this world that they could begin moving the population to now. They are not! They want those major population centers wiped out so that the few that are left will be more easily controllable.\"',50,'2017-07-24 10:47:13','2017-12-26 01:43:56',NULL),(52,'Vicarious','Vicarious',1,1,'Eye on the TV\r\n\'cause tragedy thrills me\r\nWhatever flavor it happens to be\r\n\r\nLike:\r\n\"Killed by the husband\" ...\r\n\"Drowned by the ocean\" ...\r\n\"Shot by his own son\" ...\r\n\"She used a poison in his tea,\r\nThen (she) kissed him goodbye\"\r\nThat\'s my kind of story\r\nIt\'s no fun til someone dies.\r\n\r\nDon\'t look at me like I am a monster\r\nFrown out your one face, but with the other (you)\r\nStare like a junkie into the TV\r\nStare like a zombie while the mother holds her child,\r\nWatches him die,\r\nHands to the sky cryin \"why, oh why?\"\r\n\r\nCause I need to watch things die from a distance\r\nVicariously, I live while the whole world dies\r\nYou all need it too - don\'t lie.\r\n\r\nWhy can\'t we just admit it?\r\nWhy can\'t we just admit it?\r\nWe won\'t give pause until the blood is flowin\'\r\nNeither the brave nor bold\r\nNor brightest of stories told\r\nWe won\'t give pause until the blood is flowin\'\r\n\r\nI need to watch things die from a good safe distance\r\nVicariously, I live while the whole world dies\r\nYou all feel the same so why can\'t we just admit it?\r\n\r\nBlood like rain fallin\' down\r\nDrum on grave and ground\r\n\r\nPart vampire, part warrior,\r\nCarnivore and voyeur\r\nStare at the transmittal.\r\nSing to the death rattle.\r\n\r\nLa, la, la, la, la, la, la-lie\r\n\r\nCredulous at best\r\nYour desire to believe in\r\nAngels in the hearts of men.\r\nBut pull your head on out (of) your hippie haze\r\nAnd give a listen\r\nShouldn\'t have to say it all again\r\n\r\nThe universe is hostile\r\nSo impersonal\r\nDevour to survive\r\nSo it is, so it\'s always been ...\r\n\r\nWe all feed on tragedy.\r\nIt\'s like blood to a vampire.\r\n\r\nVicariously, I live while the whole world dies\r\nMuch better you than I.',51,'2017-07-24 10:47:13','2017-12-26 01:56:02',NULL),(53,'Jambi','Jambi',1,1,'Here from a kings mountain view\r\nHere from the wild dream come true\r\nFeast like a sultan, I do\r\nOn treasures and flesh never few\r\nBut I would wish it all, away\r\nIf I thought I\'d lose you just one day\r\nThe devil and his had me down\r\nIn love with the dark side I\'d found\r\nDabblin\' all the way down\r\nUp to my neck, soon to drown.\r\n\r\nBut you changed that all for me\r\nLifted me up, turned me round\r\nSo I, I would wish this all away\r\nPrayed like a martyr dusk to dawn\r\nBegged like a hooker all night long\r\nTempted the devil with my song\r\nAnd got what I wanted all along\r\nBut I\r\nI would\r\nIf I could\r\nI would\r\nWish it away\r\nWish it away\r\nWish it all away\r\nWanna wish it all away\r\n\r\nNo prize that could hold sway\r\nOr justify my giving away my center\r\nSo if I could I\'d wish it all away\r\nIf I thought tomorrow would take you away.\r\nYou, my piece of mind, my all, my center,\r\njust trying to hold on one more day.\r\nDamn my eyes!\r\n\r\nDamn my eyes!\r\nIf they should compromise the fulcrum:\r\n(If) wants and needs divide me\r\nThen I might as well be gone...\r\nShine on forever\r\nShine on benevolent sun\r\nShine down upon the broken\r\nShine until the two become one\r\nShine on forever\r\nShine on benevolent sun\r\nShine down upon the severed\r\nShine until the two become one\r\nDivided, I\'ll wither away\r\nShine down upon the many.\r\nLight our way, benevolent sun.\r\nBreathe in union\r\n\r\nSo, as one, survive\r\nAnother day and season\r\nSilence, legion. Save your poison.\r\nSilence, legion. Stay out of my way.',52,'2017-07-24 10:47:13','2017-12-26 01:56:11',NULL),(54,'Wings for Marie (Pt 1)','wings-for-marie',1,1,'You...\r\nYou believed ...\r\nYou believed in movements none could see.\r\nYou believed in me\r\n\r\nA passionate spirit\r\nUncompromised\r\nBoundless and open\r\nA light in your eyes\r\nThen immobilized.\r\n\r\nBroken\r\nFell at the hands of those movements that I wouldn\'t see\r\nYet it was you who prayed for me.\r\nSo what have I done\r\nTo be a son to an angel?\r\nWhat have I done\r\nTo be worthy?\r\n\r\nDaylight dims leaving cold fluorescents\r\nDifficult to see you in this light\r\nPlease forgive this selfish question, but\r\nWhat am I to say to all these ghouls tonight?\r\n\"She never told a lie,\r\n... well might have told a lie,\r\nBut never lived one.\r\nDidn\'t have a life,\r\nDidn\'t have a life,\r\nBut surely saved one.\"\r\nSee? I\'m alright\r\nNow it\'s time for us to let you go.',53,'2017-07-24 10:47:13','2017-12-26 01:56:41',NULL),(55,'10,000 Days (Wings Pt 2)','10000-days-part-2',1,1,'Listen to the tales and romanticize,\r\nHow we\'d follow the path of the hero.\r\nBoast about the day when the rivers overrun.\r\nHow we rise to the height of our halo.\r\n\r\nListen to the tales as we all rationalize\r\nOur way into the arms of the savior,\r\nFeigning all the trials and the tribulations;\r\nNone of us have actually been there.\r\nNot like you.\r\n\r\nIgnorant siblings in the congregation\r\nGather around spewing sympathy,\r\nSpare me.\r\nNone of them can even hold a candle up to you.\r\nBlinded by choice, these hypocrites won\'t see.\r\n\r\nBut, enough about the collective Judas.\r\nWho could deny you were the one who\r\nIlluminated your little piece of the divine?\r\n\r\nAnd this little light of mine, a gift you passed on to me;\r\nI\'m gonna let it shine to guide you safely on your way,\r\nYour way home ...\r\n\r\nOh, what are they going to do when the lights go down\r\nWithout you to guide them all to Zion?\r\nWhat are they going to do when the rivers overrun\r\nOther than tremble incessantly?\r\n\r\nHigh is the way, but all eyes are upon the ground.\r\nYou were the light and the way they\'ll only read about.\r\nI only pray, Heaven knows when to lift you out.\r\nTen thousand days in the fire is long enough;\r\nYou\'re going home.\r\n\r\nYou\'re the only one who can hold your head up high,\r\nShake your fists at the gates saying:\r\n\"I\'ve come home now!\r\nFetch me the spirit, the son, and the father.\r\nTell them their pillar of faith has ascended.\r\nIt\'s time now!\r\nMy time now!\r\nGive me my, give me my wings!\"\r\n\r\nYou are the light and way that they will only read about.\r\n\r\nSet as I am in my ways and my arrogance,\r\n(With the) burden of proof tossed upon the believers.\r\nYou were my witness, my eyes, my evidence,\r\nJudith Marie, unconditional one.\r\n\r\nDaylight dims leaving cold fluorescents.\r\nDifficult to see you in this light.\r\nPlease forgive this bold suggestion, but\r\nShould you see your Maker\'s face tonight,\r\nLook Him in the eye, look Him in the eye, and tell Him:\r\n\"I never lived a lie, never took a life, but surely saved one.\r\nHallelujah, it\'s time for you to bring me home.\"',54,'2017-07-24 10:47:13','2017-12-26 01:56:50',NULL),(56,'The Pot','the-pot',1,1,'Who are you to wave your finger?\r\nYou must have been outta your head\r\nEye hole deep in muddy waters\r\nYou practically raised the dead\r\n\r\nRob the grave to snow the cradle\r\nThen burn the evidence down\r\nSoapbox house of cards and glass so\r\nDon\'t go tossin\' your stones around\r\n\r\nYou must have been high\r\n\r\nFoot in mouth and head up ass\r\nSo whatcha talkin\' \'bout?\r\nDifficult to dance \'round this one\r\n\'til you pull it out. boy,\r\n\r\nYou must have been so high\r\n\r\nSteal, borrow, refer, save your shady inference\r\nKangaroo done hung the jury with the innocent\r\n\r\nNow you\'re weeping shades of cozened indigo\r\n(Musta) got lemon juice up in your eye\r\nWhen you pissed all over my black kettle.\r\n\r\nYou must have been high!\r\n\r\nWho are you to wave your finger?\r\nSo full of it\r\nEye balls deep in muddy waters\r\nFuckin\' hypocrite\r\n\r\nLiar, lawyer, mirror, show me. What\'s the difference?\r\nKangaroo done hung the guilty with the innocent.\r\n\r\nNow you\'re weeping shades of cozened indigo\r\n(Musta) got lemon juice up in your eye\r\nWhen you pissed all over my black kettle.\r\n\r\nYou must\'ve been...\r\n\r\nSo who are you to wave your finger?\r\nWho are you to wave your fatty fingers at me?\r\nYou must have been out your mind\r\n\r\nWeepin\' shades of indigo\r\nShed without a reason\r\nWeepin\' shades of indigo\r\n\r\nLiar, lawyer - mirror, for you what\'s the difference?\r\nKangaroo be stoned. He\'s guilty as the government.\r\n\r\nNow you\'re weeping shades of cozened indigo\r\n(Musta) got lemon juice up in your eye\r\nNow when you pissed all over my black kettle.\r\n\r\nYou must\'ve been high!\r\n\r\nEyeballs deep in muddy waters\r\nEyeballs deep in muddy waters\r\nGanja? P-lease!\r\nYou must have been out your mind',55,'2017-07-24 10:47:13','2017-12-26 01:57:01',NULL),(57,'Lipan Conjuring','lipan-conjuring',1,0,NULL,NULL,'2017-07-24 10:47:13','2017-07-24 10:47:13',NULL),(58,'Lost Keys (Blame Hofmann)','lost-keys',1,1,'Nurse: Excuse me, doctor, do you have a moment?\r\nDoctor: A moment? What\'s the question?\r\nNurse: More of a situation, a gentleman in Exam 3.\r\nDoctor: What\'s the problem?\r\nNurse: That is the problem: we\'re not sure.\r\nDoctor: You\'ve got the chart?\r\nNurse: Right here.\r\nDoctor: Hmm... not much here, is there?\r\nNurse: No doctor, no obvious physical trauma, vitals are stable.\r\nDoctor: Name?\r\nNurse: No sir.\r\nDoctor: Did someone drop him off, maybe we can speak to them? Let\'s get some background on this fellow.\r\nNurse: No ID, nothing, and he won\'t speak to anybody.\r\nDoctor: Well, let\'s say hello.\r\n\r\nDoctor: Good morning, I\'m Dr. Watson. How are you today? How are you today? Look son, you\'re in a safe place, we want to help you, in whatever way we can. But you need to talk to us, we can\'t help you otherwise. Now, what\'s happened? Tell me everything.',56,'2017-07-24 10:47:13','2017-12-26 01:57:10',NULL),(59,'Rosetta Stoned','rosetta-stoned',1,1,'Alrighty, then ... picture this if you will.\r\n\r\n10 to 2 AM, X, Yogi DMT, and a box of Krispy Kremes,\r\nin my \"need to know\" pose, just outside of Area 51\r\nContemplating the whole \"chosen people\" thingy\r\nwhen a flaming stealth banana split the sky\r\nlike one would hope but never really expect\r\nto see in a place like this.\r\nCutting right angle donuts on a dime\r\nand stopping right at my Birkenstocks,\r\nand me yelping...\r\nHoly fucking shit!\r\n\r\nThen the X-Files being,\r\nLooking like some kind of blue-green Jackie Chan\r\nwith Isabella Rossellini lips, and breath that reeked of\r\nvanilla Chig Champa\r\nDid a slow-mo Matrix descent\r\nOutta the butt end of the banana vessel\r\nAnd hovered above my bug-eyes, my gaping jaw,\r\nand my sweaty L. Ron Hubbard upper lip,\r\nand all I could think was: \r\n\"I hope Uncle Martin here doesn\'t notice\r\nthat I pissed my fuckin\' pants.\"\r\n\r\nSo light in his way,\r\nLike an apparition, [that]\r\nHe had me crying out,\r\n\"Fuck me\r\nIt\'s gotta be\r\nthe Deadhead Chemistry\r\nThe blotter got [right] on top of me\r\nGot me seein\' E-motherfuckin\'-T!\"\r\n\r\nAnd after calming me down\r\nwith some orange slices\r\nand some fetal spooning,\r\nE.T. revealed to me his singular purpose.\r\nHe said, \"You are the Chosen One,\r\nthe One who will deliver the message.\r\nA message of hope for those who choose to hear it\r\nand a warning for those who do not.\"\r\nMe. The Chosen One?\r\nThey chose me!!!\r\nAnd I didn\'t even graduate from fuckin\' high school.\r\n\r\nYou\'d better...\r\nYou\'d better...\r\nYou\'d better...\r\nYou\'d better listen.\r\n\r\nThen he looked right through me\r\nWith somniferous almond eyes\r\nDon\'t even know what that means\r\nMust remember to write it down\r\nThis is so real\r\nLike the time Dave floated away\r\nSee, my heart is pounding\r\n\'Cause this shit never happens to me\r\n\r\nI can\'t breathe right now!\r\n\r\nIt was so real,\r\nLike I woke up in Wonderland.\r\nAll sorta terrifying\r\nI don\'t wanna be all alone\r\nWhile I tell this story.\r\nAnd can anyone tell me why\r\nY\'all sound like Peanuts parents?\r\nWill I ever be coming down?\r\nThis is so real\r\nFinally, it\'s my lucky day\r\nSee, my heart is racing\r\n\'Cause this shit never happens to me\r\n\r\nI can\'t breathe right now!\r\n\r\nYou believe me, don\'t you?\r\nPlease believe what I\'ve just said!\r\nSee the Dead ain\'t touring\r\nAnd this wasn\'t all in my head.\r\nSee, they took me by the hand\r\nAnd invited me right in.\r\nThen they showed me something\r\nI don\'t even know where to begin.\r\n\r\nStrapped down [to] my bed\r\nFeet cold [and] eyes red\r\nI\'m out of my head\r\nAm I alive? Am I dead?\r\nCan\'t remember what they said\r\nGod damn, shit the bed.\r\n\r\nHey ...\r\n\r\nOverwhelmed as one would be, placed in my position.\r\nSuch a heavy burden now to be the One\r\nBorn to bear and bring to all the details of our ending,\r\nTo write it down for all the world to see.\r\n\r\nBut I forgot my pen\r\nShit the bed again ...\r\nTypical.\r\n\r\nStrapped down [to] my bed\r\nFeet cold and eyes red\r\nI\'m out of my head\r\nAm I alive? Am I dead?\r\nSunkist and Sudafed\r\nGyroscopes and infrared\r\nWon\'t help, I\'m brain dead\r\nCan\'t remember what they said\r\nGod damn, shit the bed\r\n\r\nI can\'t remember what they said to me\r\nCan\'t remember what they said to make me out to be the hero\r\nCan\'t remember what they said\r\nBob help me!\r\nCan\'t remember what they said\r\n\r\n[We] don\'t know, [and we] won\'t know\r\n\r\nGod damn, shit the bed!',57,'2017-07-24 10:47:13','2017-12-26 01:57:22',NULL),(60,'Intension','intension',1,1,'Pure as we begin\r\nPure as we come in\r\nPure as we begin\r\nPure by will alone\r\n\r\nPure as we begin\r\nHere we have a stone\r\nGather, place, [erase, so / a razor]\r\nShelter turned to home\r\n\r\nPure as we begin\r\nHere we have a stone\r\nThrow to stay the stranger\r\nSwore to crush his bones\r\n\r\nMove by will alone\r\n\r\nSpark becomes a flame\r\nFlame becomes a fire\r\nLight the way or warm this\r\nHope we occupy\r\n\r\nSpark becomes a flame\r\nFlame becomes a fire\r\nForge a blade to slay the stranger\r\nTake whatever we desire\r\n\r\nMove by will alone\r\n\r\nPure as we begin\r\n\r\nPure as we begin\r\nMove by will alone\r\nLeave as we come in\r\nPure as light, return to one\r\n\r\nMove by will alone',58,'2017-07-24 10:47:13','2017-12-26 01:57:35',NULL),(61,'Right in Two','right-in-two',1,1,'Angels on the sideline,\r\nPuzzled and amused.\r\nWhy did Father give these humans free will?\r\nNow they\'re all confused.\r\n\r\nDon\'t these talking monkeys know that Eden has enough to go around?\r\nPlenty in this holy garden, silly monkeys\r\nWhere there\'s one you\'re bound to divide it right in two.\r\n\r\nAngels on the sideline,\r\nBaffled and confused.\r\nFather blessed them all with reason,\r\nAnd this is what they choose?\r\n\r\nMonkey killing monkey killing monkey over pieces of the ground.\r\nSilly monkeys.\r\nGive them thumbs, they forge a blade,\r\nAnd where there\'s one they\'re bound to divide it right in two.\r\n\r\nMonkey killing monkey killing monkey over pieces of the ground.\r\nSilly monkeys.\r\nGive them thumbs, they make a club to beat their brother down.\r\nHow they\'ve survived so misguided is a mystery.\r\nRepugnant is a creature who would squander the ability\r\nTo lift an eye to heaven, conscious of his fleeting time here.\r\n\r\nGotta divide it all right in two.\r\n\r\nFight till they die over sun, over sky,\r\nThey fight till they die over sea, over air,\r\nThey fight till they die over blood, over love,\r\nThey fight till they die over words, polarizing.\r\n\r\nAngels on the sideline again,\r\nBenched along with patience and reason.\r\nAngels on the sideline again,\r\nWondering where this tug of war will end.\r\n\r\nGotta divide it all right in two.',59,'2017-07-24 10:47:13','2017-12-26 01:57:43',NULL),(62,'Virginti Tres','virginit-tres',1,0,NULL,NULL,'2017-07-24 10:47:13','2017-07-24 10:47:13',NULL),(63,'Crap','crap',6,0,NULL,NULL,'2017-11-23 17:11:11','2017-11-23 17:11:11',NULL),(64,'Test','test',6,0,'just a test',NULL,'2017-11-23 17:12:48','2017-11-23 17:12:48',NULL),(65,'another test','another-test',1,0,NULL,NULL,'2017-11-23 17:16:36','2017-11-23 17:16:36',NULL),(66,'rerererer','ererererer',6,1,NULL,NULL,'2017-11-23 17:22:38','2017-11-23 17:22:38',NULL);
/*!40000 ALTER TABLE `songs` ENABLE KEYS */;
UNLOCK TABLES;

--
-- Table structure for table `songs_albums`
--

DROP TABLE IF EXISTS `songs_albums`;
/*!40101 SET @saved_cs_client     = @@character_set_client */;
/*!40101 SET character_set_client = utf8 */;
CREATE TABLE `songs_albums` (
  `id` int(10) unsigned NOT NULL AUTO_INCREMENT,
  `song_id` int(10) unsigned NOT NULL,
  `album_id` int(10) unsigned NOT NULL,
  `created_at` timestamp NULL DEFAULT NULL,
  `updated_at` timestamp NULL DEFAULT NULL,
  `deleted_at` timestamp NULL DEFAULT NULL,
  `order` int(11) DEFAULT NULL,
  `is_hidden` tinyint(1) DEFAULT NULL,
  PRIMARY KEY (`id`),
  UNIQUE KEY `songs_albums_album_id_song_id_unique` (`album_id`,`song_id`),
  KEY `songs_albums_song_id_foreign` (`song_id`),
  CONSTRAINT `songs_albums_album_id_foreign` FOREIGN KEY (`album_id`) REFERENCES `albums` (`id`),
  CONSTRAINT `songs_albums_song_id_foreign` FOREIGN KEY (`song_id`) REFERENCES `songs` (`id`)
) ENGINE=InnoDB AUTO_INCREMENT=69 DEFAULT CHARSET=utf8mb4 COLLATE=utf8mb4_unicode_ci;
/*!40101 SET character_set_client = @saved_cs_client */;

--
-- Dumping data for table `songs_albums`
--

LOCK TABLES `songs_albums` WRITE;
/*!40000 ALTER TABLE `songs_albums` DISABLE KEYS */;
INSERT INTO `songs_albums` VALUES (1,1,2,NULL,NULL,NULL,1,0),(2,2,1,NULL,NULL,NULL,2,0),(3,2,2,NULL,NULL,NULL,2,0),(4,3,1,NULL,NULL,NULL,3,0),(5,3,2,NULL,NULL,NULL,3,0),(6,4,1,NULL,NULL,NULL,1,0),(7,4,2,NULL,NULL,NULL,4,0),(8,5,1,NULL,NULL,NULL,6,0),(9,5,2,NULL,NULL,NULL,5,0),(10,6,2,NULL,NULL,NULL,6,0),(11,7,2,NULL,NULL,NULL,7,1),(12,8,3,NULL,NULL,NULL,1,0),(13,9,3,NULL,NULL,NULL,2,0),(14,10,1,NULL,NULL,NULL,5,0),(15,10,3,NULL,NULL,NULL,3,0),(16,11,3,NULL,NULL,NULL,4,0),(17,12,1,NULL,NULL,NULL,4,0),(18,12,3,NULL,NULL,NULL,5,0),(19,13,3,NULL,NULL,NULL,6,0),(20,14,3,NULL,NULL,NULL,7,0),(21,15,3,NULL,NULL,NULL,8,0),(22,16,3,NULL,NULL,NULL,9,0),(23,17,3,NULL,NULL,NULL,10,0),(24,18,4,NULL,NULL,NULL,1,0),(25,19,4,NULL,NULL,NULL,2,0),(26,20,4,NULL,NULL,NULL,3,0),(27,21,4,NULL,NULL,NULL,4,0),(28,22,4,NULL,NULL,NULL,5,0),(29,23,4,NULL,NULL,NULL,6,0),(30,24,4,NULL,NULL,NULL,7,0),(31,25,4,NULL,NULL,NULL,8,0),(32,26,4,NULL,NULL,NULL,9,0),(33,27,4,NULL,NULL,NULL,10,0),(34,28,4,NULL,NULL,NULL,11,0),(35,29,4,NULL,NULL,NULL,12,0),(36,30,4,NULL,NULL,NULL,13,0),(37,31,4,NULL,NULL,NULL,14,0),(38,32,4,NULL,NULL,NULL,15,0),(39,33,5,NULL,NULL,NULL,4,0),(40,34,5,NULL,NULL,NULL,5,0),(41,35,5,NULL,NULL,NULL,6,0),(42,36,5,NULL,NULL,NULL,7,0),(43,37,5,NULL,NULL,NULL,8,0),(44,38,5,NULL,NULL,NULL,9,1),(45,39,6,NULL,NULL,NULL,1,0),(46,40,6,NULL,NULL,NULL,2,0),(47,41,6,NULL,NULL,NULL,3,0),(48,42,6,NULL,NULL,NULL,4,0),(49,43,6,NULL,NULL,NULL,5,0),(50,44,6,NULL,NULL,NULL,6,0),(51,45,6,NULL,NULL,NULL,7,0),(52,46,6,NULL,NULL,NULL,8,0),(53,47,6,NULL,NULL,NULL,9,0),(54,48,6,NULL,NULL,NULL,10,0),(55,49,6,NULL,NULL,NULL,11,0),(56,50,6,NULL,NULL,NULL,13,0),(57,51,6,NULL,NULL,NULL,14,0),(58,52,7,NULL,NULL,NULL,1,0),(59,53,7,NULL,NULL,NULL,2,0),(60,54,7,NULL,NULL,NULL,3,0),(61,55,7,NULL,NULL,NULL,4,0),(62,56,7,NULL,NULL,NULL,5,0),(63,57,7,NULL,NULL,NULL,6,0),(64,58,7,NULL,NULL,NULL,7,0),(65,59,7,NULL,NULL,NULL,8,0),(66,60,7,NULL,NULL,NULL,9,0),(67,61,7,NULL,NULL,NULL,10,0),(68,62,7,NULL,NULL,NULL,11,0);
/*!40000 ALTER TABLE `songs_albums` ENABLE KEYS */;
UNLOCK TABLES;

--
-- Table structure for table `tags`
--

DROP TABLE IF EXISTS `tags`;
/*!40101 SET @saved_cs_client     = @@character_set_client */;
/*!40101 SET character_set_client = utf8 */;
CREATE TABLE `tags` (
  `id` int(10) unsigned NOT NULL AUTO_INCREMENT,
  `name` varchar(255) COLLATE utf8mb4_unicode_ci NOT NULL,
  `slug` varchar(255) COLLATE utf8mb4_unicode_ci NOT NULL,
  `created_at` timestamp NULL DEFAULT NULL,
  `updated_at` timestamp NULL DEFAULT NULL,
  `deleted_at` timestamp NULL DEFAULT NULL,
  PRIMARY KEY (`id`),
  UNIQUE KEY `tags_slug_unique` (`slug`)
) ENGINE=InnoDB AUTO_INCREMENT=33 DEFAULT CHARSET=utf8mb4 COLLATE=utf8mb4_unicode_ci;
/*!40101 SET character_set_client = @saved_cs_client */;

--
-- Dumping data for table `tags`
--

LOCK TABLES `tags` WRITE;
/*!40000 ALTER TABLE `tags` DISABLE KEYS */;
INSERT INTO `tags` VALUES (1,'Remastered','remastered','2017-08-17 19:53:31','2017-08-17 19:53:31',NULL),(2,'Live DVD','live-dvd','2017-08-17 19:53:48','2017-08-17 19:53:48',NULL),(3,'1991','1991','2017-08-17 19:54:07','2017-08-17 19:54:07',NULL),(4,'1992','1992','2017-08-17 19:55:17','2017-08-17 19:55:17',NULL),(5,'1993','1993','2017-08-17 19:55:24','2017-08-17 19:55:24',NULL),(6,'1994','1994','2017-08-17 19:55:29','2017-08-17 19:55:29',NULL),(7,'1995','1995','2017-08-17 19:55:36','2017-08-17 19:55:36',NULL),(8,'1996','1996','2017-08-17 19:55:42','2017-08-17 19:55:42',NULL),(9,'1997','1997','2017-08-17 19:55:49','2017-08-17 19:55:49',NULL),(10,'1998','1998','2017-08-17 19:55:54','2017-08-17 19:55:54',NULL),(11,'1999','1999','2017-08-17 19:56:00','2017-08-17 19:56:00',NULL),(12,'2000','2000','2017-08-17 19:56:07','2017-08-17 19:56:07',NULL),(13,'2001','2001','2017-08-17 19:56:12','2017-08-17 19:56:12',NULL),(14,'2002','2002','2017-08-17 19:56:20','2017-08-17 19:56:20',NULL),(15,'2003','2003','2017-08-17 19:57:37','2017-08-17 19:57:37',NULL),(16,'2004','2004','2017-08-17 19:57:43','2017-08-17 19:57:43',NULL),(17,'2005','2005','2017-08-17 19:57:48','2017-08-17 19:57:48',NULL),(18,'2006','2006','2017-08-17 19:57:54','2017-08-17 19:57:54',NULL),(19,'2007','2007','2017-08-17 19:58:11','2017-08-17 19:58:11',NULL),(20,'2008','2008','2017-08-17 19:58:17','2017-08-17 19:58:17',NULL),(21,'2009','2009','2017-08-17 19:58:22','2017-08-17 19:58:22',NULL),(22,'2010','2010','2017-08-17 19:58:28','2017-08-17 19:58:28',NULL),(23,'2011','2011','2017-08-17 19:58:34','2017-08-17 19:58:34',NULL),(24,'2012','2012','2017-08-17 19:58:39','2017-08-17 19:58:39',NULL),(25,'2013','2013','2017-08-17 19:58:45','2017-08-17 19:58:45',NULL),(26,'2014','2014','2017-08-17 19:58:49','2017-08-17 19:58:49',NULL),(27,'2015','2015','2017-08-17 19:58:55','2017-08-17 19:58:55',NULL),(28,'2016','2016','2017-08-17 19:59:01','2017-08-17 19:59:01',NULL),(29,'2017','2017','2017-08-17 19:59:06','2017-08-17 19:59:06',NULL),(30,'bacon','bacon','2017-08-17 20:06:05','2017-08-17 20:10:29',NULL),(31,'Full Concert','full-concert','2017-08-19 20:49:13','2017-08-19 20:49:13',NULL),(32,'Lyrics','lyrics','2017-12-25 21:38:55','2017-12-25 21:38:55',NULL);
/*!40000 ALTER TABLE `tags` ENABLE KEYS */;
UNLOCK TABLES;

--
-- Table structure for table `users`
--

DROP TABLE IF EXISTS `users`;
/*!40101 SET @saved_cs_client     = @@character_set_client */;
/*!40101 SET character_set_client = utf8 */;
CREATE TABLE `users` (
  `id` int(10) unsigned NOT NULL AUTO_INCREMENT,
  `name` varchar(255) COLLATE utf8mb4_unicode_ci NOT NULL,
  `email` varchar(255) COLLATE utf8mb4_unicode_ci NOT NULL,
  `password` varchar(255) COLLATE utf8mb4_unicode_ci NOT NULL,
  `is_admin` tinyint(1) NOT NULL,
  `remember_token` varchar(100) COLLATE utf8mb4_unicode_ci DEFAULT NULL,
  `created_at` timestamp NULL DEFAULT NULL,
  `updated_at` timestamp NULL DEFAULT NULL,
  `deleted_at` timestamp NULL DEFAULT NULL,
  PRIMARY KEY (`id`),
  UNIQUE KEY `users_email_unique` (`email`)
) ENGINE=InnoDB DEFAULT CHARSET=utf8mb4 COLLATE=utf8mb4_unicode_ci;
/*!40101 SET character_set_client = @saved_cs_client */;

--
-- Dumping data for table `users`
--

LOCK TABLES `users` WRITE;
/*!40000 ALTER TABLE `users` DISABLE KEYS */;
/*!40000 ALTER TABLE `users` ENABLE KEYS */;
UNLOCK TABLES;

--
-- Table structure for table `videos`
--

DROP TABLE IF EXISTS `videos`;
/*!40101 SET @saved_cs_client     = @@character_set_client */;
/*!40101 SET character_set_client = utf8 */;
CREATE TABLE `videos` (
  `id` int(10) unsigned NOT NULL AUTO_INCREMENT,
  `name` varchar(255) COLLATE utf8mb4_unicode_ci NOT NULL,
  `description` varchar(10000) COLLATE utf8mb4_unicode_ci NOT NULL,
  `slug` varchar(255) COLLATE utf8mb4_unicode_ci NOT NULL,
  `band_id` int(10) unsigned NOT NULL,
  `created_at` timestamp NULL DEFAULT NULL,
  `updated_at` timestamp NULL DEFAULT NULL,
  `deleted_at` timestamp NULL DEFAULT NULL,
  `video_id` varchar(255) COLLATE utf8mb4_unicode_ci DEFAULT NULL,
  `source` varchar(255) COLLATE utf8mb4_unicode_ci DEFAULT NULL,
  PRIMARY KEY (`id`),
  UNIQUE KEY `videos_slug_unique` (`slug`),
  KEY `videos_band_id_foreign` (`band_id`),
  CONSTRAINT `videos_band_id_foreign` FOREIGN KEY (`band_id`) REFERENCES `bands` (`id`)
) ENGINE=InnoDB AUTO_INCREMENT=60 DEFAULT CHARSET=utf8mb4 COLLATE=utf8mb4_unicode_ci;
/*!40101 SET character_set_client = @saved_cs_client */;

--
-- Dumping data for table `videos`
--

LOCK TABLES `videos` WRITE;
/*!40000 ALTER TABLE `videos` DISABLE KEYS */;
INSERT INTO `videos` VALUES (1,'Live - Full Show - 1997 - New Jersey (Remastered)','Watch Tool rock out in New Jeresey in one of the most epic captures ever','tool-1997-new-jersey-remastered',1,'2017-07-24 10:47:13','2017-08-20 18:57:40',NULL,'PHy9PSkpiKw','youtube'),(2,'Live - Full Show - 2017 - San Jose','Tool Live San Jose, CA 2017. Full Concert.\r\n\r\nSan Jose, CA. SAP Center. June 21st 2017.\r\n\r\nGreat audio by wilson66. I almost didn\'t want to use any video material since there isn\'t much and some songs aren\'t filmed or are incomplete, but some of the footage has some good closeups, mixed with infuriating camera shaking.\r\n\r\nThe Grudge 00:00\r\nParabola 09:13\r\nSchism 19:25\r\nMaynard\'s Message 27:35\r\nOpiate 28:36\r\nnema 39:55\r\nDescending 47:28\r\nJambi 50:55\r\nThird Eye 58:55\r\nForty Six & 2 1:13:56\r\nSynth 1:21:18\r\nDrum Solo 1:24:09\r\nThe Pot 1:28:45\r\nSweat 1:35:45\r\nStinkfist 1:39:57\r\n\r\nMain video source:\r\nhttps://www.youtube.com/user/lachrymistpatient11/videos\r\n\r\nGet Maynard James Keenan\'s wine:\r\nhttps://caduceus.org/\r\nhttp://www.puscifer.com\r\nhttp://www.toolband.com','tool-live-san-jose-2017',1,'2017-08-18 01:50:57','2017-12-25 14:53:02',NULL,'S_M0NtxOT3Y','youtube'),(3,'Live - Vicarious - 2017 - Boston, MA (Boston Calling)','Live from Boston Calling, Sunday May 28th 2017','tool-vicarious-2017-boston-calling',1,'2017-08-20 15:36:14','2017-08-20 19:01:14',NULL,'vWIUASfCzsA','youtube'),(4,'Tool - Stinkfist - 2017 Boston Calling','Live from Boston Calling, Sunday May 28th 2017','tool-stinkfist-2017-bostcon-calling',1,'2017-08-20 15:40:04','2017-08-20 15:40:04',NULL,'6718C04pgS0','youtube'),(5,'Live - Full Show - 1991 - Hollywood, CA (The Jello Loft)','Tool live @ The Jello Loft,Hollywood,CA (05.09.1991)[Full Concert]\r\n  Source:Soundboard\r\n\r\nSetlist:\r\n01 - Cold & Ugly \r\n02 - Undertow \r\n03 - Sober \r\n04 - Crawl Away \r\n05 - Sweat \r\n06 - Swamp Song \r\n07 - 4 \r\n08 - Hush / Opiate (cut) \r\n\r\nThanks to TDP:','tool-live-1991-jello-loft',1,'2017-08-20 18:15:10','2017-08-20 18:15:10',NULL,'xpIJxcSmC4Q','youtube'),(6,'Live - Rosetta Stoned & Lateralus - 2007 - Jacksonville, FL','Tool. Rosetta Stoned & Lateralus. Live 2007. EPIC IEM.\r\n\r\nMy edited HQ IEM matrix mix with 2 sources. Sounds pretty good, the only problem is the IEM cuts out sometimes. Otherwise great quality and great performances.\r\n\r\nRosetta Stoned 00:00\r\nLateralus 11:34\r\n\r\n06.02.07\r\nVeterans Memorial Arena\r\nJacksonville, FL\r\n\r\nGet Maynard James Keenan\'s wine:\r\nhttps://caduceus.org/\r\nhttp://www.puscifer.com\r\nhttp://www.toolband.com','tool-live-rosetta-stoned-lateralus-2007-jacksonville',1,'2017-08-20 19:12:10','2017-08-20 19:12:10',NULL,'VaZYtOJ3oSY','youtube'),(7,'Live - Full Show - 1994 - Santa Cruz (Remastered)','Tool Live Santa Cruz 1994. Full Concert. Remastered.\r\n\r\nGreat classic Tool concert. Contains some of the very first nima live performances, with early lyrics and different riffs. Audio and video are improved.\r\n\r\nNovember 14th, 1994\r\nSanta Cruz, CA\r\n\r\n00:00 Intolerance\r\n06:28 Bottom\r\n14:54 Stinkfist\r\n20:38 Undertow\r\n27:14 Swamp Song\r\n34:04 Sober\r\n40:45 4 Degrees\r\n48:21 Pushit\r\n57:41 Prison Sex\r\n1:03:30 Cold & Ugly\r\n1:12:40 No Quarter\r\n1:24:24 Opiate\r\n\r\nGet Maynard James Keenan\'s wine:\r\nhttps://caduceus.org/\r\nhttp://www.puscifer.com\r\nhttp://www.toolband.com','tool-live-1994-santa-cruz',1,'2017-12-25 12:33:58','2017-12-25 12:33:58',NULL,'MrWQo9c2Jc0','youtube'),(8,'Lyrics - Sweat','From the album Opiate.','tool-lyrics-sweat',1,'2017-12-25 21:41:10','2017-12-25 21:41:10',NULL,'y2dxOjvDTvo','youtube'),(9,'Lyrics - Hush','From the album Opiate.','tool-lyrics-hush',1,'2017-12-25 21:47:32','2017-12-25 21:47:32',NULL,'JIjgf68uqVk','youtube'),(10,'Lyrics - Part of Me','From the album Opiate.','tool-lyrics-part-of-me',1,'2017-12-25 21:48:56','2017-12-25 21:48:56',NULL,'31Rqp6WAr30','youtube'),(11,'Lyrics - Cold And Ugly','From the album Opiate.','tool-lyrics-cold-and-ugly',1,'2017-12-25 21:50:33','2017-12-25 21:50:33',NULL,'0cGUm4E0uxo','youtube'),(12,'Lyrics - Jerk Off','From the album Opiate.','tool-lyrics-jerk-off',1,'2017-12-25 21:54:17','2017-12-25 21:54:17',NULL,'BwoaXotVKC0','youtube'),(13,'Lyrics - Opiate','From the album Opiate.','tool-lyrics-opiate',1,'2017-12-25 21:55:57','2017-12-25 21:55:57',NULL,'s2lrWFVyfS8','youtube'),(14,'Lyrics - The Gaping Lotus Experience','From the album Opiate.','tool-lyrics-the-gaping-lotus-experience',1,'2017-12-25 21:56:37','2017-12-25 21:56:37',NULL,'nIcBjV5SS5s','youtube'),(15,'Lyrics - Intolerance','From the album Undertow.','tool-lyrics-intolerance',1,'2017-12-25 21:58:16','2017-12-25 21:58:16',NULL,'TJLdHhi-_g4','youtube'),(16,'Lyrics - Prison Sex','From the album Undertow.','tool-lyrics-prison-sex',1,'2017-12-25 21:59:18','2017-12-25 21:59:18',NULL,'Uuz7_lbzpXE','youtube'),(17,'Lyrics - Sober','From the album Undertow.','tool-lyrics-sober',1,'2017-12-25 22:06:35','2017-12-25 22:06:35',NULL,'WORA_VbQ_v4','youtube'),(18,'Lyrics - Bottom','From the album Undertow.','tool-lyrics-bottom',1,'2017-12-25 22:07:36','2017-12-25 22:07:36',NULL,'u_4NFlbx3Kc','youtube'),(19,'Lyrics - Crawl Away','From the album Undertow.','tool-lyrics-crawl-away',1,'2017-12-25 22:08:16','2017-12-25 22:08:16',NULL,'nFbouY6oOHE','youtube'),(20,'Lyrics - Swamp Song','From the album Undertow.','tool-lyrics-swamp-song',1,'2017-12-25 22:09:47','2017-12-25 22:09:47',NULL,'1JSStGWtZmU','youtube'),(21,'Lyrics - Undertow','From the album Undertow.','tool-lyrics-undertow',1,'2017-12-25 22:11:59','2017-12-25 22:11:59',NULL,'3yZBUi5Lw24','youtube'),(22,'Lyrics - 4','From the album Undertow.','tool-lyrics-4-degrees',1,'2017-12-25 22:12:37','2017-12-25 22:12:37',NULL,'hYxmGtrfo3U','youtube'),(23,'Lyrics - Flood','From the album Undertow.','tool-lyrics-flood',1,'2017-12-25 22:13:10','2017-12-25 22:13:10',NULL,'7p4ftUnXw-U','youtube'),(24,'Lyrics - Disgustipated','From the album Undertow.','tool-lyrics-disgustipated',1,'2017-12-25 22:14:34','2017-12-25 22:14:34',NULL,'iQz6bm9vdTw','youtube'),(25,'Lyrics - Stinkfist','From the album Aenima.','tool-lyrics-stinkfist',1,'2017-12-25 22:41:06','2017-12-25 22:41:06',NULL,'YdB9rYHtRGM','youtube'),(26,'Lyrics - Eulogy','From the album Aenima.','tool-lyrics-eulogy',1,'2017-12-25 22:43:06','2017-12-25 22:43:06',NULL,'xK-pujORYdE','youtube'),(27,'Lyrics - H.','From the album Aenima.','tool-lyrics-h',1,'2017-12-25 22:44:29','2017-12-25 22:44:29',NULL,'0DY_07Qns60','youtube'),(28,'Lyrics - Forty Six & Two','From the album Aenima.','tool-lyrics-forty-six-and-two',1,'2017-12-25 22:46:17','2017-12-25 22:46:17',NULL,'exHluXipA_I','youtube'),(29,'Lyrics - Hooker With A Penis','From the album Aenima.','tool-lyrics-hooker-with-a-penis',1,'2017-12-25 22:47:05','2017-12-25 22:47:05',NULL,'TjVQcuXZrds','youtube'),(30,'Lyrics - Jimmy','From the album Aenima.','tool-lyrics-jimmy',1,'2017-12-25 22:49:07','2017-12-25 22:49:07',NULL,'eBrf0__GsSg','youtube'),(31,'Lyrics - Die Eier von Satan','From the album Aenima.','tool-lyrics-die-eir-von-satan',1,'2017-12-25 22:50:55','2017-12-25 22:50:55',NULL,'8EcmOUedrMc','youtube'),(32,'Lyrics - Pushit','From the album Aenima.','tool-lyrics-pushit',1,'2017-12-25 22:51:45','2017-12-25 22:51:45',NULL,'4ueUZPmFkQ0','youtube'),(33,'Lyrics - Aenema','From the album Aenima.','tool-lyrics-aenema',1,'2017-12-25 22:52:43','2017-12-25 22:52:43',NULL,'fwCGWxR8WqQ','youtube'),(34,'Lyrics - Third Eye','From the album Aenima.','tool-lyrics-third-eye',1,'2017-12-25 22:54:15','2017-12-25 22:54:15',NULL,'Yk-xmHIxltg','youtube'),(35,'Lyrics - Message To Harry Manback II','From the album Salival.','tool-lyrics-message-to-harry-manback-ii',1,'2017-12-26 00:43:02','2017-12-26 00:43:02',NULL,'l8Xgoks0VQo','youtube'),(36,'Lyrics - You Lied','From the album Salival.','tool-lyrics-you-lied',1,'2017-12-26 00:43:57','2017-12-26 00:43:57',NULL,'YFSTTiiHpnQ','youtube'),(37,'Lyrics - Merkaba','From the album Salival.','tool-lyrics-merkaba',1,'2017-12-26 00:44:50','2017-12-26 00:44:50',NULL,'Xd4zC-FTJ9w','youtube'),(38,'Lyrics - No Quarter','From the album Salival.','tool-lyrics-no-quarter',1,'2017-12-26 00:45:29','2017-12-26 00:45:29',NULL,'kbADOt1Uqlg','youtube'),(39,'Lyrics - LAMC','From the album Salival.','tool-lyrics-lamc',1,'2017-12-26 00:46:26','2017-12-26 00:46:26',NULL,'LuTjjnojVtE','youtube'),(40,'Lyrics - Maynard\'s Dick','From the album Salival.','tool-lyrics-maynards-dick',1,'2017-12-26 00:47:02','2017-12-26 00:47:02',NULL,'96d9NdvfYfc','youtube'),(41,'Lyrics - The Grudge','From the album Lateralus.','tool-lyrics-the-grudge',1,'2017-12-26 01:22:49','2017-12-26 01:22:49',NULL,'W9mdAZPGk_U','youtube'),(42,'Lyrics - The Patient','From the album Lateralus.','tool-lyrics-the-patient',1,'2017-12-26 01:23:26','2017-12-26 01:23:26',NULL,'hhH4nJtE9b8','youtube'),(43,'Lyrics - Schism','From the album Lateralus.','tool-lyrics-schism',1,'2017-12-26 01:29:11','2017-12-26 01:29:11',NULL,'2jXzKKG1kq0','youtube'),(44,'Lyrics - Parabol','something','tool-lyrics-parabol',1,'2017-12-26 01:30:45','2017-12-26 01:30:45',NULL,'2kFXZSgK49w','youtube'),(45,'Lyrics - Parabola','From the album Lateralus.','tool-lyrics-parabola',1,'2017-12-26 01:31:26','2017-12-26 01:31:26',NULL,'JE2sNc-878A','youtube'),(46,'Lyrics - Ticks & Leeches','From the album Lateralus.','tool-lyrics-ticks-and-leeches',1,'2017-12-26 01:32:03','2017-12-26 01:32:03',NULL,'4_yQuiio8zw','youtube'),(47,'Lyrics - Lateralus','From the album Lateralus.','tool-lyrics-lateralus',1,'2017-12-26 01:33:03','2017-12-26 01:33:03',NULL,'CJ-tf_15KrA','youtube'),(48,'Lyrics - Disposition','From the album Lateralus.','tool-lyrics-disposition',1,'2017-12-26 01:33:43','2017-12-26 01:33:43',NULL,'Etmn7eTYK8s','youtube'),(49,'Lyrics - Reflection','From the album Lateralus.','tool-lyrics-reflection',1,'2017-12-26 01:34:22','2017-12-26 01:34:22',NULL,'70swA_JUoFA','youtube'),(50,'Lyrics - Faaip De Oiad','From the album Lateralus.','tool-lyrics-faaip-de-oiad',1,'2017-12-26 01:35:06','2017-12-26 01:35:06',NULL,'Fum2IS0JyJY','youtube'),(51,'Lyrics - Vicarious','From the album 10,000 Days.','tool-lyrics-vicarious',1,'2017-12-26 01:48:36','2017-12-26 01:48:36',NULL,'TmtktDsq8CI','youtube'),(52,'Lyrics - Jambi','From the album 10,000 Days.','tool-lyrics-jambi',1,'2017-12-26 01:49:53','2017-12-26 01:49:53',NULL,'37w6EnC4lUU','youtube'),(53,'Lyrics - Wings For Marie (Part 1)','From the album 10,000 Days.','tool-lyrics-wings-for-marie-part-1',1,'2017-12-26 01:51:43','2017-12-26 01:51:43',NULL,'9CMzxMU65gU','youtube'),(54,'Lyrics - 10,000 Days (Wings Part 2)','From the album 10,000 Days.','tool-lyrics-10000-days',1,'2017-12-26 01:52:25','2017-12-26 01:52:25',NULL,'irhZxU76Dls','youtube'),(55,'Lyrics - The Pot','From the album 10,000 Days.','tool-lyrics-the-pot',1,'2017-12-26 01:53:05','2017-12-26 01:53:05',NULL,'kcgN0K4AjSs','youtube'),(56,'Lyrics - Lost Keys (Blame Hofmann)','From the album 10,000 Days.','tool-lyrics-lost-keys',1,'2017-12-26 01:54:03','2017-12-26 01:54:03',NULL,'bjijHpJKT0s','youtube'),(57,'Lyrics - Rosetta Stoned','From the album 10,000 Days.','tool-lyrics-rosetta-stoned',1,'2017-12-26 01:54:40','2017-12-26 01:54:40',NULL,'FQg5RM9SV6I','youtube'),(58,'Lyrics - Intension','From the album 10,000 Days.','tool-lyrics-intension',1,'2017-12-26 01:55:17','2017-12-26 01:55:17',NULL,'Ul5tQlNEwJk','youtube'),(59,'Lyrics - Right In Two','From the album 10,000 Days.','tool-lyrics-right-in-two',1,'2017-12-26 01:55:48','2017-12-26 01:55:48',NULL,'R9d8hnu-Hsw','youtube');
/*!40000 ALTER TABLE `videos` ENABLE KEYS */;
UNLOCK TABLES;

--
-- Table structure for table `videos_songs`
--

DROP TABLE IF EXISTS `videos_songs`;
/*!40101 SET @saved_cs_client     = @@character_set_client */;
/*!40101 SET character_set_client = utf8 */;
CREATE TABLE `videos_songs` (
  `id` int(10) unsigned NOT NULL AUTO_INCREMENT,
  `video_id` int(10) unsigned NOT NULL,
  `song_id` int(10) unsigned NOT NULL,
  `order` int(11) NOT NULL,
  `start_time` varchar(255) COLLATE utf8mb4_unicode_ci DEFAULT NULL,
  `end_time` varchar(255) COLLATE utf8mb4_unicode_ci DEFAULT NULL,
  `created_at` timestamp NULL DEFAULT NULL,
  `updated_at` timestamp NULL DEFAULT NULL,
  `deleted_at` timestamp NULL DEFAULT NULL,
  PRIMARY KEY (`id`),
  UNIQUE KEY `videos_songs_video_id_order_unique` (`video_id`,`order`),
  KEY `videos_songs_song_id_foreign` (`song_id`),
  CONSTRAINT `videos_songs_song_id_foreign` FOREIGN KEY (`song_id`) REFERENCES `songs` (`id`),
  CONSTRAINT `videos_songs_video_id_foreign` FOREIGN KEY (`video_id`) REFERENCES `videos` (`id`)
) ENGINE=InnoDB AUTO_INCREMENT=87 DEFAULT CHARSET=utf8mb4 COLLATE=utf8mb4_unicode_ci;
/*!40101 SET character_set_client = @saved_cs_client */;

--
-- Dumping data for table `videos_songs`
--

LOCK TABLES `videos_songs` WRITE;
/*!40000 ALTER TABLE `videos_songs` DISABLE KEYS */;
INSERT INTO `videos_songs` VALUES (4,4,18,1,NULL,NULL,NULL,NULL,NULL),(5,4,43,2,'7:21','13:52',NULL,NULL,NULL),(6,5,4,1,NULL,NULL,NULL,NULL,NULL),(7,5,14,2,NULL,NULL,NULL,NULL,NULL),(8,5,10,3,NULL,NULL,NULL,NULL,NULL),(9,5,1,4,NULL,NULL,NULL,NULL,NULL),(10,5,13,5,NULL,NULL,NULL,NULL,NULL),(11,5,15,6,NULL,NULL,NULL,NULL,NULL),(12,5,2,7,NULL,NULL,NULL,NULL,NULL),(13,5,6,8,NULL,NULL,NULL,NULL,NULL),(17,1,32,1,'00:00',NULL,NULL,NULL,NULL),(18,1,18,2,'13:39',NULL,NULL,NULL,NULL),(19,1,22,3,'20:18',NULL,NULL,NULL,NULL),(20,3,52,1,NULL,NULL,NULL,NULL,NULL),(21,6,59,1,'00:00',NULL,NULL,NULL,NULL),(22,6,47,2,'11:34',NULL,NULL,NULL,NULL),(23,7,8,1,'00:00',NULL,NULL,NULL,NULL),(24,7,11,2,'06:28',NULL,NULL,NULL,NULL),(25,7,18,3,'14:54',NULL,NULL,NULL,NULL),(26,7,14,4,'20:38',NULL,NULL,NULL,NULL),(27,7,13,5,'27:14',NULL,NULL,NULL,NULL),(28,7,10,6,'34:04',NULL,NULL,NULL,NULL),(29,7,15,7,'40:45',NULL,NULL,NULL,NULL),(30,7,28,8,'48:21',NULL,NULL,NULL,NULL),(31,7,9,9,'57:41',NULL,NULL,NULL,NULL),(32,7,4,10,'1:03:30',NULL,NULL,NULL,NULL),(33,7,36,11,'1:12:40',NULL,NULL,NULL,NULL),(34,7,6,12,'1:24:24',NULL,NULL,NULL,NULL),(35,8,1,1,'0:00',NULL,NULL,NULL,NULL),(36,9,2,1,'0:00',NULL,NULL,NULL,NULL),(37,10,3,1,'0:00',NULL,NULL,NULL,NULL),(38,11,4,1,'0:00',NULL,NULL,NULL,NULL),(39,12,5,1,'0:00',NULL,NULL,NULL,NULL),(40,13,6,1,'0:00',NULL,NULL,NULL,NULL),(41,14,7,1,'0:00',NULL,NULL,NULL,NULL),(42,15,8,1,'0:00',NULL,NULL,NULL,NULL),(43,16,9,1,'0:00',NULL,NULL,NULL,NULL),(44,17,10,1,'0:00',NULL,NULL,NULL,NULL),(45,18,11,1,'0:00',NULL,NULL,NULL,NULL),(46,19,12,1,'0:00',NULL,NULL,NULL,NULL),(47,20,13,1,'0:00',NULL,NULL,NULL,NULL),(48,21,14,1,'0:00',NULL,NULL,NULL,NULL),(49,22,15,1,'0:00',NULL,NULL,NULL,NULL),(50,23,16,1,'0:00',NULL,NULL,NULL,NULL),(51,24,17,1,'0:00',NULL,NULL,NULL,NULL),(52,25,18,1,'0:00',NULL,NULL,NULL,NULL),(53,26,19,1,'0:00',NULL,NULL,NULL,NULL),(54,27,20,1,'0:00',NULL,NULL,NULL,NULL),(55,28,22,1,'0:00',NULL,NULL,NULL,NULL),(56,29,24,1,'0:00',NULL,NULL,NULL,NULL),(57,30,26,1,'0:00',NULL,NULL,NULL,NULL),(58,31,27,1,'0:00',NULL,NULL,NULL,NULL),(59,32,28,1,'0:00',NULL,NULL,NULL,NULL),(60,33,30,1,'0:00',NULL,NULL,NULL,NULL),(61,34,32,1,'0:00',NULL,NULL,NULL,NULL),(62,35,33,1,'0:00',NULL,NULL,NULL,NULL),(63,36,34,1,'0:00',NULL,NULL,NULL,NULL),(64,37,35,1,'0:00',NULL,NULL,NULL,NULL),(65,38,36,1,'0:00',NULL,NULL,NULL,NULL),(66,39,37,1,'0:00',NULL,NULL,NULL,NULL),(67,40,38,1,'0:00',NULL,NULL,NULL,NULL),(68,41,39,1,'0:00',NULL,NULL,NULL,NULL),(69,42,41,1,'0:00',NULL,NULL,NULL,NULL),(70,43,43,1,'0:00',NULL,NULL,NULL,NULL),(71,44,44,1,'0:00',NULL,NULL,NULL,NULL),(72,45,45,1,'0:00',NULL,NULL,NULL,NULL),(73,46,46,1,'0:00',NULL,NULL,NULL,NULL),(74,47,47,1,'0:00',NULL,NULL,NULL,NULL),(75,48,48,1,'0:00',NULL,NULL,NULL,NULL),(76,49,49,1,'0:00',NULL,NULL,NULL,NULL),(77,50,51,1,'0:00',NULL,NULL,NULL,NULL),(78,51,52,1,'0:00',NULL,NULL,NULL,NULL),(79,52,53,1,'0:00',NULL,NULL,NULL,NULL),(80,53,54,1,'0:00',NULL,NULL,NULL,NULL),(81,54,55,1,'0:00',NULL,NULL,NULL,NULL),(82,55,56,1,'0:00',NULL,NULL,NULL,NULL),(83,56,58,1,'0:00',NULL,NULL,NULL,NULL),(84,57,59,1,'0:00',NULL,NULL,NULL,NULL),(85,58,60,1,'0:00',NULL,NULL,NULL,NULL),(86,59,61,1,'0:00',NULL,NULL,NULL,NULL);
/*!40000 ALTER TABLE `videos_songs` ENABLE KEYS */;
UNLOCK TABLES;

--
-- Table structure for table `videos_tags`
--

DROP TABLE IF EXISTS `videos_tags`;
/*!40101 SET @saved_cs_client     = @@character_set_client */;
/*!40101 SET character_set_client = utf8 */;
CREATE TABLE `videos_tags` (
  `id` int(10) unsigned NOT NULL AUTO_INCREMENT,
  `video_id` int(10) unsigned NOT NULL,
  `tag_id` int(10) unsigned NOT NULL,
  `created_at` timestamp NULL DEFAULT NULL,
  `updated_at` timestamp NULL DEFAULT NULL,
  `deleted_at` timestamp NULL DEFAULT NULL,
  PRIMARY KEY (`id`),
  UNIQUE KEY `videos_tags_video_id_tag_id_unique` (`video_id`,`tag_id`),
  KEY `videos_tags_tag_id_foreign` (`tag_id`),
  CONSTRAINT `videos_tags_tag_id_foreign` FOREIGN KEY (`tag_id`) REFERENCES `tags` (`id`),
  CONSTRAINT `videos_tags_video_id_foreign` FOREIGN KEY (`video_id`) REFERENCES `videos` (`id`)
) ENGINE=InnoDB AUTO_INCREMENT=69 DEFAULT CHARSET=utf8mb4 COLLATE=utf8mb4_unicode_ci;
/*!40101 SET character_set_client = @saved_cs_client */;

--
-- Dumping data for table `videos_tags`
--

LOCK TABLES `videos_tags` WRITE;
/*!40000 ALTER TABLE `videos_tags` DISABLE KEYS */;
INSERT INTO `videos_tags` VALUES (1,4,29,NULL,NULL,NULL),(2,5,3,NULL,NULL,NULL),(3,5,31,NULL,NULL,NULL),(7,1,9,NULL,NULL,NULL),(8,1,31,NULL,NULL,NULL),(9,1,1,NULL,NULL,NULL),(10,3,29,NULL,NULL,NULL),(11,6,19,NULL,NULL,NULL),(12,7,6,NULL,NULL,NULL),(13,7,1,NULL,NULL,NULL),(14,7,31,NULL,NULL,NULL),(15,2,29,NULL,NULL,NULL),(16,2,31,NULL,NULL,NULL),(17,8,32,NULL,NULL,NULL),(18,9,32,NULL,NULL,NULL),(19,10,32,NULL,NULL,NULL),(20,11,32,NULL,NULL,NULL),(21,12,32,NULL,NULL,NULL),(22,13,32,NULL,NULL,NULL),(23,14,32,NULL,NULL,NULL),(24,15,32,NULL,NULL,NULL),(25,16,32,NULL,NULL,NULL),(26,17,32,NULL,NULL,NULL),(27,18,32,NULL,NULL,NULL),(28,19,32,NULL,NULL,NULL),(29,20,32,NULL,NULL,NULL),(30,21,32,NULL,NULL,NULL),(31,22,32,NULL,NULL,NULL),(32,23,32,NULL,NULL,NULL),(33,24,32,NULL,NULL,NULL),(34,25,32,NULL,NULL,NULL),(35,26,32,NULL,NULL,NULL),(36,27,32,NULL,NULL,NULL),(37,28,32,NULL,NULL,NULL),(38,29,32,NULL,NULL,NULL),(39,30,32,NULL,NULL,NULL),(40,31,32,NULL,NULL,NULL),(41,32,32,NULL,NULL,NULL),(42,33,32,NULL,NULL,NULL),(43,34,32,NULL,NULL,NULL),(44,35,32,NULL,NULL,NULL),(45,36,32,NULL,NULL,NULL),(46,37,32,NULL,NULL,NULL),(47,38,32,NULL,NULL,NULL),(48,39,32,NULL,NULL,NULL),(49,40,32,NULL,NULL,NULL),(50,41,32,NULL,NULL,NULL),(51,42,32,NULL,NULL,NULL),(52,43,32,NULL,NULL,NULL),(53,44,32,NULL,NULL,NULL),(54,45,32,NULL,NULL,NULL),(55,46,32,NULL,NULL,NULL),(56,47,32,NULL,NULL,NULL),(57,48,32,NULL,NULL,NULL),(58,49,32,NULL,NULL,NULL),(59,50,32,NULL,NULL,NULL),(60,51,32,NULL,NULL,NULL),(61,52,32,NULL,NULL,NULL),(62,53,32,NULL,NULL,NULL),(63,54,32,NULL,NULL,NULL),(64,55,32,NULL,NULL,NULL),(65,56,32,NULL,NULL,NULL),(66,57,32,NULL,NULL,NULL),(67,58,32,NULL,NULL,NULL),(68,59,32,NULL,NULL,NULL);
/*!40000 ALTER TABLE `videos_tags` ENABLE KEYS */;
UNLOCK TABLES;
/*!40103 SET TIME_ZONE=@OLD_TIME_ZONE */;

/*!40101 SET SQL_MODE=@OLD_SQL_MODE */;
/*!40014 SET FOREIGN_KEY_CHECKS=@OLD_FOREIGN_KEY_CHECKS */;
/*!40014 SET UNIQUE_CHECKS=@OLD_UNIQUE_CHECKS */;
/*!40101 SET CHARACTER_SET_CLIENT=@OLD_CHARACTER_SET_CLIENT */;
/*!40101 SET CHARACTER_SET_RESULTS=@OLD_CHARACTER_SET_RESULTS */;
/*!40101 SET COLLATION_CONNECTION=@OLD_COLLATION_CONNECTION */;
/*!40111 SET SQL_NOTES=@OLD_SQL_NOTES */;

-- Dump completed on 2017-12-26 11:23:56
